dispatching_base_num,pickup_datetime,dropOff_datetime,PUlocationID,DOlocationID,SR_Flag,Affiliated_base_number
B00009,2019-10-01 00:23:00,2019-10-01 00:35:00,264.0,264.0,,B00009
B00013,2019-10-01 00:11:29,2019-10-01 00:13:22,264.0,264.0,,B00013
B00014,2019-10-01 00:11:43,2019-10-01 00:37:20,264.0,264.0,,B00014
B00014,2019-10-01 00:56:29,2019-10-01 00:57:47,264.0,264.0,,B00014
B00014,2019-10-01 00:23:09,2019-10-01 00:28:27,264.0,264.0,,B00014
B00021         ,2019-10-01 00:00:48,2019-10-01 00:07:12,129.0,129.0,,B00021         
B00021         ,2019-10-01 00:47:23,2019-10-01 00:53:25,57.0,57.0,,B00021         
B00021         ,2019-10-01 00:10:06,2019-10-01 00:19:50,173.0,173.0,,B00021         
B00021         ,2019-10-01 00:51:37,2019-10-01 01:06:14,226.0,226.0,,B00021         
B00021         ,2019-10-01 00:28:23,2019-10-01 00:34:33,56.0,56.0,,B00021         
B00021         ,2019-10-01 00:31:17,2019-10-01 00:51:52,82.0,82.0,,B00021         
B00037,2019-10-01 00:07:41,2019-10-01 00:15:23,264.0,71.0,,B00037
B00037,2019-10-01 00:13:38,2019-10-01 00:25:51,264.0,39.0,,B00037
B00037,2019-10-01 00:42:40,2019-10-01 00:53:47,264.0,188.0,,B00037
B00037,2019-10-01 00:58:46,2019-10-01 01:10:11,264.0,91.0,,B00037
B00037,2019-10-01 00:09:49,2019-10-01 00:14:37,264.0,71.0,,B00037
B00037,2019-10-01 00:22:35,2019-10-01 00:36:53,264.0,35.0,,B00037
B00037,2019-10-01 00:54:27,2019-10-01 01:03:37,264.0,61.0,,B00037
B00037,2019-10-01 00:08:12,2019-10-01 00:28:47,264.0,198.0,,B00037
B00053,2019-10-01 00:05:24,2019-10-01 00:53:03,264.0,264.0,,
B00053,2019-10-01 00:03:32,2019-10-01 00:51:11,264.0,264.0,,B00888
B00053,2019-10-01 00:23:26,2019-10-01 00:41:13,264.0,264.0,,B00053
B00111,2019-10-01 00:47:58,2019-10-01 00:57:59,264.0,80.0,,B00111
B00111,2019-10-01 00:37:57,2019-10-01 01:06:06,264.0,244.0,,B00111
B00111,2019-10-01 00:15:59,2019-10-01 00:37:01,264.0,244.0,,B00111
B00111,2019-10-01 00:31:59,2019-10-01 00:56:59,264.0,51.0,,B00111
B00111,2019-10-01 00:27:59,2019-10-01 01:11:16,264.0,265.0,,B00111
B00160,2019-10-01 00:55:00,2019-10-01 00:59:00,264.0,264.0,,B00160
B00160,2019-10-01 00:13:00,2019-10-01 00:51:00,264.0,264.0,,B00160
B00160,2019-10-01 00:11:00,2019-10-01 00:26:00,264.0,264.0,,B00160
B00160,2019-10-01 00:55:00,2019-10-01 01:28:00,264.0,264.0,,B00160
B00225,2019-10-01 00:03:50,2019-10-01 00:09:38,264.0,4.0,,B00225
B00225,2019-10-01 00:28:50,2019-10-01 00:49:13,264.0,47.0,,B00225
B00225,2019-10-01 00:55:33,2019-10-01 01:03:42,264.0,45.0,,B00225
B00227,2019-10-01 00:39:00,2019-10-01 01:52:00,264.0,264.0,,B00227
B00227,2019-10-01 00:04:09,2019-10-01 00:50:00,264.0,264.0,,B00227
B00235,2019-10-01 00:07:50,2019-10-01 00:16:59,264.0,264.0,,B00235
B00254,2019-10-01 00:08:12,2019-10-01 00:38:01,163.0,225.0,,B00254
B00254,2019-10-01 00:55:54,2019-10-01 01:02:28,100.0,233.0,,B00254
B00254,2019-10-01 00:04:14,2019-10-01 00:16:14,13.0,257.0,,B00254
B00254,2019-10-01 00:58:06,2019-10-01 01:06:49,48.0,24.0,,B00254
B00254,2019-10-01 00:03:55,2019-10-01 00:36:09,161.0,53.0,,B00254
B00254,2019-10-01 00:52:52,2019-10-01 01:09:52,13.0,143.0,,B00254
B00254,2019-10-01 00:39:19,2019-10-01 00:48:40,143.0,68.0,,B00254
B00254,2019-10-01 00:41:09,2019-10-01 01:17:42,162.0,265.0,,B00254
B00254,2019-10-01 00:55:00,2019-10-01 01:16:27,230.0,17.0,,B00254
B00254,2019-10-01 00:03:14,2019-10-01 00:41:39,100.0,91.0,,B00254
B00254,2019-10-01 00:31:20,2019-10-01 00:45:55,13.0,265.0,,B00254
B00254,2019-10-01 00:12:32,2019-10-01 01:02:02,125.0,265.0,,B00254
B00254,2019-10-01 00:04:04,2019-10-01 00:18:32,161.0,236.0,,B00254
B00254,2019-10-01 00:49:14,2019-10-01 01:27:05,13.0,265.0,,B00254
B00254,2019-10-01 00:47:35,2019-10-01 01:23:59,13.0,36.0,,B00254
B00254,2019-10-01 00:25:59,2019-10-01 01:01:44,161.0,210.0,,B00254
B00254,2019-10-01 00:19:29,2019-10-01 00:45:59,132.0,141.0,,B00254
B00256,2019-10-01 00:40:21,2019-10-01 01:10:31,264.0,264.0,,B00256
B00256,2019-10-01 00:51:13,2019-10-01 01:16:32,264.0,264.0,,B00256
B00256,2019-10-01 00:05:46,2019-10-01 01:12:30,264.0,264.0,,B00256
B00256,2019-10-01 00:10:25,2019-10-01 00:51:33,264.0,264.0,,B00256
B00256,2019-10-01 00:02:48,2019-10-01 00:39:57,264.0,264.0,,B02759
B00271,2019-10-01 00:38:32,2019-10-01 00:50:27,264.0,265.0,,B00271
B00271,2019-10-01 00:14:01,2019-10-01 00:57:36,264.0,265.0,,B00271
B00271,2019-10-01 00:00:44,2019-10-01 00:34:11,264.0,174.0,,B00271
B00271,2019-10-01 00:15:29,2019-10-01 00:32:50,264.0,152.0,,B00271
B00271,2019-10-01 00:22:30,2019-10-01 00:32:51,264.0,145.0,,B02617
B00271,2019-10-01 00:12:02,2019-10-01 00:16:46,264.0,48.0,,B00271
B00271,2019-10-01 00:01:35,2019-10-01 00:31:09,264.0,14.0,,B00271
B00271,2019-10-01 00:08:13,2019-10-01 00:09:13,264.0,161.0,,B00271
B00271,2019-10-01 00:59:22,2019-10-01 01:05:48,264.0,233.0,,B02880
B00271,2019-10-01 00:00:25,2019-10-01 00:32:49,264.0,182.0,,B00271
B00271,2019-10-01 00:12:23,2019-10-01 00:13:35,264.0,161.0,,B00271
B00271,2019-10-01 00:19:59,2019-10-01 00:48:48,264.0,265.0,,B00271
B00271,2019-10-01 00:05:15,2019-10-01 00:05:33,264.0,88.0,,B00271
B00271,2019-10-01 00:11:01,2019-10-01 00:30:24,264.0,265.0,,B00271
B00272,2019-10-01 00:30:00,2019-10-01 01:05:00,264.0,264.0,,B00272
B00272,2019-10-01 00:09:37,2019-10-01 01:13:00,264.0,264.0,,B00272
B00277,2019-10-01 00:19:37,2019-10-01 00:45:40,264.0,264.0,,B00277
B00280,2019-10-01 00:06:04,2019-10-01 00:53:43,264.0,264.0,,B00280
B00280,2019-10-01 00:12:20,2019-10-01 00:59:59,264.0,264.0,,B00280
B00280,2019-10-01 00:51:58,2019-10-01 01:20:48,264.0,264.0,,B00280
B00296,2019-10-01 00:58:49,2019-10-01 01:04:31,264.0,264.0,,B00296
B00296,2019-10-01 00:26:36,2019-10-01 01:10:07,264.0,264.0,,B00296
B00296,2019-10-01 00:26:16,2019-10-01 01:17:44,264.0,264.0,,B00296
B00310,2019-10-01 00:11:22,2019-10-01 00:22:56,264.0,69.0,,B02864
B00310,2019-10-01 00:32:09,2019-10-01 01:08:38,264.0,243.0,,B00310
B00310,2019-10-01 00:28:23,2019-10-01 00:33:43,264.0,212.0,,B02864
B00310,2019-10-01 00:14:55,2019-10-01 00:20:30,264.0,126.0,,B02836
B00310,2019-10-01 00:56:30,2019-10-01 01:02:52,264.0,126.0,,B00310
B00310,2019-10-01 00:03:38,2019-10-01 00:26:00,264.0,247.0,,B02887
B00310,2019-10-01 00:57:49,2019-10-01 01:03:55,264.0,168.0,,B02887
B00310,2019-10-01 00:36:57,2019-10-01 00:59:03,264.0,18.0,,B00310
B00310,2019-10-01 00:58:05,2019-10-01 01:12:54,264.0,147.0,,B00310
B00310,2019-10-01 00:18:10,2019-10-01 00:26:24,264.0,242.0,,B00310
B00310,2019-10-01 00:48:02,2019-10-01 00:53:41,264.0,248.0,,B02889
B00310,2019-10-01 00:36:49,2019-10-01 00:41:40,264.0,213.0,,B02864
B00310,2019-10-01 00:12:11,2019-10-01 00:28:41,264.0,254.0,,B00310
B00310,2019-10-01 00:06:02,2019-10-01 00:14:04,264.0,242.0,,B00310
B00310,2019-10-01 00:03:43,2019-10-01 00:07:26,264.0,213.0,,B02534
B00310,2019-10-01 00:37:14,2019-10-01 00:51:58,264.0,241.0,,B02879
B00310,2019-10-01 00:42:41,2019-10-01 00:54:42,264.0,213.0,,B02875
B00310,2019-10-01 00:15:57,2019-10-01 00:18:27,264.0,147.0,,B02879
B00310,2019-10-01 00:41:51,2019-10-01 00:55:34,264.0,119.0,,B02879
B00310,2019-10-01 00:00:14,2019-10-01 00:13:32,264.0,51.0,,B00310
B00310,2019-10-01 00:32:16,2019-10-01 00:48:31,264.0,168.0,,B00310
B00318,2019-10-01 00:51:03,2019-10-01 00:51:05,264.0,188.0,,B00318
B00350,2019-10-01 00:09:19,2019-10-01 00:14:03,264.0,129.0,,B03085
B00350,2019-10-01 00:35:39,2019-10-01 00:40:36,264.0,129.0,,B03085
B00350,2019-10-01 00:16:14,2019-10-01 00:35:36,264.0,73.0,,B00350
B00350,2019-10-01 00:03:02,2019-10-01 00:09:21,264.0,173.0,,B03085
B00350,2019-10-01 00:10:18,2019-10-01 00:22:04,264.0,173.0,,B00350
B00350,2019-10-01 00:23:05,2019-10-01 00:38:44,264.0,56.0,,B00350
B00381,2019-10-01 00:15:30,2019-10-01 00:30:21,264.0,264.0,,B00381
B00381,2019-10-01 00:42:37,2019-10-01 00:43:46,264.0,264.0,,B00381
B00381,2019-10-01 00:40:45,2019-10-01 00:43:49,264.0,264.0,,B00381
B00381,2019-10-01 00:43:54,2019-10-01 00:46:36,264.0,264.0,,B00381
B00381,2019-10-01 00:21:12,2019-10-01 00:23:52,264.0,264.0,,B00381
B00411,2019-10-01 00:29:57,2019-10-01 01:07:36,264.0,264.0,,B00411
B00419,2019-10-01 00:01:26,2019-10-01 00:21:18,185.0,3.0,,B00419
B00419,2019-10-01 00:27:14,2019-10-01 00:31:16,51.0,51.0,,B00419
B00419,2019-10-01 00:48:56,2019-10-01 00:54:28,42.0,168.0,,B00419
B00448,2019-10-01 00:59:26,2019-10-01 01:38:08,264.0,264.0,,B00448
B00448,2019-10-01 00:54:09,2019-10-01 01:08:08,264.0,264.0,,B02382
B00448,2019-10-01 00:33:54,2019-10-01 00:46:25,264.0,264.0,,B00448
B00448,2019-10-01 00:01:58,2019-10-01 01:00:05,264.0,264.0,,B00448
B00448,2019-10-01 00:03:10,2019-10-01 00:27:38,264.0,264.0,,B00448
B00448,2019-10-01 00:06:09,2019-10-01 00:31:15,264.0,264.0,,B00448
B00448,2019-10-01 00:42:05,2019-10-01 00:48:39,264.0,264.0,,B00448
B00448,2019-10-01 00:32:53,2019-10-01 00:36:01,264.0,264.0,,B02382
B00448,2019-10-01 00:43:42,2019-10-01 01:44:37,264.0,264.0,,B02382
B00448,2019-10-01 00:42:18,2019-10-01 01:03:11,264.0,264.0,,B00448
B00448,2019-10-01 00:18:18,2019-10-01 00:49:56,264.0,264.0,,B02382
B00448,2019-10-01 00:14:24,2019-10-01 00:34:13,264.0,264.0,,B00448
B00448,2019-10-01 00:01:13,2019-10-01 00:13:48,264.0,264.0,,B00448
B00448,2019-10-01 00:03:18,2019-10-01 00:18:07,264.0,264.0,,B00448
B00448,2019-10-01 00:44:01,2019-10-01 00:44:28,264.0,264.0,,B00448
B00477,2019-10-01 00:03:52,2019-10-01 00:04:34,162.0,243.0,,B00477
B00477,2019-10-01 00:44:42,2019-10-01 00:44:59,162.0,49.0,,B00477
B00477,2019-10-01 00:09:15,2019-10-01 00:37:28,162.0,265.0,,B00477
B00477,2019-10-01 00:13:02,2019-10-01 00:28:02,88.0,264.0,,B00477
B00477,2019-10-01 00:56:48,2019-10-01 00:57:05,162.0,264.0,,B00477
B00477,2019-10-01 00:50:20,2019-10-01 00:50:36,230.0,265.0,,B00477
B00477,2019-10-01 00:33:11,2019-10-01 00:34:01,162.0,264.0,,B00477
B00477,2019-10-01 00:13:11,2019-10-01 00:26:43,162.0,263.0,,B00477
B00477,2019-10-01 00:16:10,2019-10-01 00:16:20,13.0,262.0,,B00477
B00477,2019-10-01 00:35:45,2019-10-01 00:54:52,13.0,244.0,,B00477
B00477,2019-10-01 00:57:06,2019-10-01 00:59:52,162.0,264.0,,B00477
B00477,2019-10-01 00:31:57,2019-10-01 00:50:40,162.0,265.0,,B00477
B00477,2019-10-01 00:46:53,2019-10-01 00:47:04,162.0,264.0,,B00477
B00477,2019-10-01 00:04:34,2019-10-01 00:23:57,162.0,264.0,,B00477
B00477,2019-10-01 00:02:43,2019-10-01 00:26:01,88.0,264.0,,B00477
B00492,2019-10-01 00:46:00,2019-10-01 00:55:00,259.0,265.0,,B00492
B00608,2019-10-01 00:19:09,2019-10-01 00:56:48,264.0,264.0,,B00608
B00608,2019-10-01 00:28:07,2019-10-01 00:28:35,264.0,264.0,,B00608
B00625         ,2019-10-01 00:51:46,2019-10-01 00:57:22,129.0,129.0,,B00625         
B00628,2019-10-01 00:43:37,2019-10-01 00:47:22,161.0,48.0,,B00628
B00628,2019-10-01 00:19:16,2019-10-01 00:42:03,71.0,88.0,,B00628
B00628,2019-10-01 00:34:18,2019-10-01 00:44:55,88.0,229.0,,
B00628,2019-10-01 00:00:26,2019-10-01 00:12:54,14.0,88.0,,B00628
B00628,2019-10-01 00:00:59,2019-10-01 00:35:22,88.0,265.0,,B00628
B00628,2019-10-01 00:06:38,2019-10-01 00:51:31,161.0,265.0,,B00628
B00628,2019-10-01 00:23:39,2019-10-01 00:46:29,246.0,181.0,,B02835
B00628,2019-10-01 00:35:20,2019-10-01 00:56:52,88.0,239.0,,B00628
B00628,2019-10-01 00:51:54,2019-10-01 01:11:21,251.0,88.0,,
B00628,2019-10-01 00:02:08,2019-10-01 00:21:31,244.0,88.0,,B00628
B00628,2019-10-01 00:17:39,2019-10-01 00:56:58,88.0,84.0,,B00628
B00628,2019-10-01 00:08:47,2019-10-01 00:09:13,88.0,88.0,,B00628
B00628,2019-10-01 00:11:40,2019-10-01 00:40:12,88.0,152.0,,B00628
B00628,2019-10-01 00:04:27,2019-10-01 00:26:56,45.0,73.0,,B00628
B00628,2019-10-01 00:44:14,2019-10-01 01:47:51,230.0,265.0,,B00628
B00647,2019-10-01 00:18:28,2019-10-01 00:26:45,264.0,20.0,,B00647
B00647,2019-10-01 00:40:11,2019-10-01 00:44:05,264.0,254.0,,B00647
B00647,2019-10-01 00:50:06,2019-10-01 01:09:10,264.0,69.0,,B00647
B00647,2019-10-01 00:06:06,2019-10-01 00:09:51,264.0,69.0,,B00647
B00647,2019-10-01 00:42:40,2019-10-01 00:49:13,264.0,241.0,,B00647
B00647,2019-10-01 00:17:23,2019-10-01 00:37:23,264.0,167.0,,B00647
B00647,2019-10-01 00:25:53,2019-10-01 00:31:50,264.0,18.0,,B00647
B00647,2019-10-01 00:03:14,2019-10-01 00:07:03,264.0,20.0,,B00647
B00647,2019-10-01 00:26:37,2019-10-01 00:33:48,264.0,174.0,,B00647
B00647,2019-10-01 00:19:29,2019-10-01 00:29:23,264.0,242.0,,B00647
B00647,2019-10-01 00:10:54,2019-10-01 00:15:54,264.0,240.0,,B00647
B00647,2019-10-01 00:59:53,2019-10-01 01:03:49,264.0,254.0,,B00647
B00647,2019-10-01 00:00:12,2019-10-01 00:04:06,264.0,31.0,,B00647
B00647,2019-10-01 00:16:38,2019-10-01 00:19:44,264.0,78.0,,B00647
B00647,2019-10-01 00:31:48,2019-10-01 00:40:03,264.0,241.0,,B00647
B00647,2019-10-01 00:01:38,2019-10-01 00:12:44,264.0,94.0,,B00647
B00647,2019-10-01 00:44:44,2019-10-01 01:04:20,264.0,74.0,,B00647
B00647,2019-10-01 00:45:13,2019-10-01 00:50:25,264.0,32.0,,B00647
B00647,2019-10-01 00:10:07,2019-10-01 00:13:37,264.0,47.0,,B00647
B00647,2019-10-01 00:39:53,2019-10-01 00:51:24,264.0,126.0,,B00647
B00647,2019-10-01 00:17:10,2019-10-01 00:32:17,264.0,212.0,,B00647
B00647,2019-10-01 00:48:06,2019-10-01 01:02:36,264.0,18.0,,B00647
B00652,2019-10-01 00:22:24,2019-10-01 00:27:06,61.0,225.0,,B00652
B00692,2019-10-01 00:10:18,2019-10-01 00:25:57,264.0,61.0,,B00692
B00692,2019-10-01 00:48:54,2019-10-01 00:56:33,264.0,89.0,,B00692
B00692,2019-10-01 00:53:26,2019-10-01 01:26:28,264.0,55.0,,B00692
B00706,2019-10-01 00:52:43,2019-10-01 01:14:06,206.0,221.0,,B00706
B00756,2019-10-01 00:22:00,2019-10-01 00:36:00,264.0,264.0,,B02872
B00756,2019-10-01 00:55:00,2019-10-01 01:25:00,264.0,264.0,,B02872
B00756,2019-10-01 00:26:00,2019-10-01 00:31:00,264.0,264.0,,B00756
B00756,2019-10-01 00:35:00,2019-10-01 00:42:00,264.0,264.0,,B02872
B00789,2019-10-01 00:13:29,2019-10-01 00:19:02,264.0,264.0,,B00789
B00789,2019-10-01 00:38:09,2019-10-01 00:55:35,264.0,264.0,,B00789
B00789,2019-10-01 00:11:39,2019-10-01 00:52:03,264.0,264.0,,B00789
B00789,2019-10-01 00:59:08,2019-10-01 01:19:19,264.0,264.0,,B00789
B00789,2019-10-01 00:07:28,2019-10-01 00:55:07,264.0,264.0,,B00789
B00789,2019-10-01 00:25:16,2019-10-01 01:02:55,264.0,264.0,,B00789
B00789,2019-10-01 00:15:49,2019-10-01 00:33:48,264.0,264.0,,B00789
B00789,2019-10-01 00:16:33,2019-10-01 00:31:47,264.0,264.0,,B00789
B00789,2019-10-01 00:29:19,2019-10-01 00:50:09,264.0,264.0,,B00789
B00789,2019-10-01 00:02:33,2019-10-01 00:50:12,264.0,264.0,,B00789
B00789,2019-10-01 00:41:44,2019-10-01 01:31:30,264.0,264.0,,B00789
B00789,2019-10-01 00:22:40,2019-10-01 00:39:03,264.0,264.0,,B00789
B00789,2019-10-01 00:16:38,2019-10-01 00:20:19,264.0,264.0,,B00789
B00789,2019-10-01 00:11:09,2019-10-01 00:37:38,264.0,264.0,,B00789
B00789,2019-10-01 00:13:43,2019-10-01 00:43:30,264.0,264.0,,B00789
B00789,2019-10-01 00:07:21,2019-10-01 00:55:00,264.0,264.0,,B00789
B00789,2019-10-01 00:32:26,2019-10-01 01:41:15,264.0,264.0,,B00789
B00789,2019-10-01 00:25:30,2019-10-01 00:45:29,264.0,264.0,,B00789
B00789,2019-10-01 00:42:35,2019-10-01 01:15:33,264.0,264.0,,B00789
B00802,2019-10-01 00:07:35,2019-10-01 00:19:28,264.0,22.0,,B00802
B00802,2019-10-01 00:43:44,2019-10-01 00:47:04,264.0,228.0,,B00802
B00802,2019-10-01 00:59:33,2019-10-01 01:04:41,264.0,228.0,,B00802
B00802,2019-10-01 00:32:50,2019-10-01 00:47:01,264.0,228.0,,B00802
B00821,2019-10-01 00:41:28,2019-10-01 00:46:44,264.0,63.0,,B00821
B00821,2019-10-01 00:56:40,2019-10-01 01:01:53,264.0,258.0,,B00821
B00821,2019-10-01 00:39:49,2019-10-01 00:48:04,264.0,197.0,,B01469
B00821,2019-10-01 00:15:02,2019-10-01 00:17:50,264.0,258.0,,B00821
B00821,2019-10-01 00:01:41,2019-10-01 00:17:01,264.0,82.0,,B01469
B00821,2019-10-01 00:31:55,2019-10-01 00:39:29,264.0,198.0,,B01469
B00821,2019-10-01 00:00:35,2019-10-01 00:16:13,264.0,35.0,,B00821
B00821,2019-10-01 00:27:17,2019-10-01 00:32:16,264.0,258.0,,B02682
B00837,2019-10-01 00:42:37,2019-10-01 01:15:44,264.0,264.0,,B00837
B00837,2019-10-01 00:18:56,2019-10-01 00:46:22,264.0,264.0,,B00837
B00837,2019-10-01 00:12:30,2019-10-01 00:45:56,264.0,264.0,,B00837
B00837,2019-10-01 00:48:26,2019-10-01 01:18:59,264.0,264.0,,B00837
B00856,2019-10-01 00:13:06,2019-10-01 00:21:29,264.0,76.0,,B00856
B00856,2019-10-01 00:34:05,2019-10-01 00:45:08,264.0,71.0,,B00856
B00856,2019-10-01 00:29:23,2019-10-01 00:32:24,264.0,39.0,,B02872
B00856,2019-10-01 00:38:47,2019-10-01 00:42:37,264.0,77.0,,B02872
B00856,2019-10-01 00:44:11,2019-10-01 00:49:36,264.0,35.0,,B00856
B00856,2019-10-01 00:14:27,2019-10-01 00:21:59,264.0,76.0,,B02875
B00856,2019-10-01 00:01:59,2019-10-01 00:38:58,264.0,112.0,,B02872
B00856,2019-10-01 00:36:24,2019-10-01 00:40:59,264.0,177.0,,B00856
B00856,2019-10-01 00:51:15,2019-10-01 00:57:59,264.0,77.0,,B02875
B00856,2019-10-01 00:47:20,2019-10-01 00:55:53,264.0,76.0,,B00856
B00856,2019-10-01 00:10:01,2019-10-01 00:17:29,264.0,35.0,,B02682
B00856,2019-10-01 00:29:41,2019-10-01 00:44:38,264.0,62.0,,B02682
B00856,2019-10-01 00:07:52,2019-10-01 00:22:17,264.0,39.0,,B00856
B00856,2019-10-01 00:33:14,2019-10-01 00:44:41,264.0,222.0,,B00856
B00856,2019-10-01 00:01:28,2019-10-01 00:24:12,264.0,72.0,,B02887
B00856,2019-10-01 00:37:23,2019-10-01 00:50:50,264.0,188.0,,B02887
B00856,2019-10-01 00:06:44,2019-10-01 00:10:19,264.0,177.0,,B02888
B00856,2019-10-01 00:52:03,2019-10-01 00:58:13,264.0,35.0,,B02888
B00856,2019-10-01 00:22:58,2019-10-01 00:43:23,264.0,35.0,,B00856
B00856,2019-10-01 00:04:48,2019-10-01 00:08:03,264.0,77.0,,B02869
B00856,2019-10-01 00:25:59,2019-10-01 00:49:30,264.0,36.0,,B02869
B00856,2019-10-01 00:28:37,2019-10-01 00:35:31,264.0,63.0,,B02876
B00856,2019-10-01 00:53:18,2019-10-01 01:16:58,264.0,188.0,,B02876
B00856,2019-10-01 00:13:22,2019-10-01 00:44:31,264.0,91.0,,B02875
B00856,2019-10-01 00:28:37,2019-10-01 00:41:20,264.0,61.0,,B00887
B00856,2019-10-01 00:39:52,2019-10-01 00:50:00,264.0,216.0,,B02869
B00856,2019-10-01 00:25:39,2019-10-01 01:10:09,264.0,86.0,,B02889
B00860,2019-10-01 00:48:56,2019-10-01 00:55:30,264.0,127.0,,B00860
B00860,2019-10-01 00:05:17,2019-10-01 00:16:09,264.0,94.0,,B00860
B00860,2019-10-01 00:52:11,2019-10-01 00:57:17,264.0,241.0,,B00860
B00860,2019-10-01 00:34:20,2019-10-01 00:44:34,264.0,220.0,,B00860
B00860,2019-10-01 00:58:26,2019-10-01 01:11:21,264.0,200.0,,B00860
B00860,2019-10-01 00:05:57,2019-10-01 00:17:09,264.0,265.0,,B00860
B00860,2019-10-01 00:49:44,2019-10-01 01:02:43,264.0,174.0,,B00860
B00882,2019-10-01 00:26:27,2019-10-01 00:39:16,264.0,42.0,,B00882
B00882,2019-10-01 00:15:27,2019-10-01 00:29:55,264.0,152.0,,B00882
B00882,2019-10-01 00:09:27,2019-10-01 00:16:39,264.0,127.0,,B00882
B00882,2019-10-01 00:53:21,2019-10-01 01:14:53,264.0,51.0,,B00882
B00882,2019-10-01 00:17:53,2019-10-01 00:18:14,264.0,169.0,,B00882
B00887,2019-10-01 00:16:31,2019-10-01 00:40:43,264.0,265.0,,B00887
B00887,2019-10-01 00:03:58,2019-10-01 00:47:12,264.0,113.0,,B00887
B00887,2019-10-01 00:37:00,2019-10-01 01:18:57,264.0,142.0,,B00887
B00887,2019-10-01 00:26:59,2019-10-01 00:56:11,264.0,162.0,,B00887
B00887,2019-10-01 00:00:28,2019-10-01 00:37:19,264.0,265.0,,B00887
B00887,2019-10-01 00:22:45,2019-10-01 00:25:04,264.0,90.0,,B02465
B00887,2019-10-01 00:09:12,2019-10-01 00:46:16,264.0,143.0,,B02465
B00887,2019-10-01 00:04:35,2019-10-01 00:20:31,264.0,39.0,,B00887
B00887,2019-10-01 00:30:32,2019-10-01 00:53:15,264.0,244.0,,B00887
B00888,2019-10-01 00:20:10,2019-10-01 00:21:56,264.0,264.0,,B00888
B00888,2019-10-01 00:24:31,2019-10-01 00:25:53,264.0,264.0,,B00888
B00888,2019-10-01 00:57:27,2019-10-01 01:19:49,264.0,264.0,,B00888
B00888,2019-10-01 00:14:30,2019-10-01 01:02:09,264.0,264.0,,B00888
B00888,2019-10-01 00:34:32,2019-10-01 01:26:51,264.0,264.0,,B00888
B00900,2019-10-01 00:14:45,2019-10-01 00:32:39,264.0,92.0,,B00900
B00900,2019-10-01 00:35:27,2019-10-01 00:52:54,264.0,82.0,,B00900
B00900,2019-10-01 00:30:49,2019-10-01 00:46:28,264.0,177.0,,B00900
B00900,2019-10-01 00:32:49,2019-10-01 00:40:51,264.0,258.0,,B00900
B00900,2019-10-01 00:45:37,2019-10-01 00:54:07,264.0,96.0,,B00900
B00900,2019-10-01 00:11:06,2019-10-01 00:18:37,264.0,180.0,,B00900
B00900,2019-10-01 00:49:40,2019-10-01 01:01:37,264.0,197.0,,B00900
B00900,2019-10-01 00:26:51,2019-10-01 00:30:37,264.0,216.0,,B00900
B00900,2019-10-01 00:37:02,2019-10-01 00:41:32,264.0,197.0,,B00900
B00900,2019-10-01 00:19:25,2019-10-01 00:24:18,264.0,258.0,,B00900
B00900,2019-10-01 00:33:13,2019-10-01 00:36:25,264.0,258.0,,B00900
B00900,2019-10-01 00:43:54,2019-10-01 00:48:00,264.0,197.0,,B00900
B00900,2019-10-01 00:56:02,2019-10-01 01:05:52,264.0,134.0,,B00900
B00900,2019-10-01 00:02:22,2019-10-01 00:08:58,264.0,196.0,,B00900
B00900,2019-10-01 00:51:55,2019-10-01 01:03:14,264.0,16.0,,B00900
B00900,2019-10-01 00:19:22,2019-10-01 00:42:26,264.0,258.0,,B00900
B00900,2019-10-01 00:21:53,2019-10-01 00:24:35,264.0,197.0,,B00900
B00900,2019-10-01 00:39:53,2019-10-01 00:53:06,264.0,76.0,,B00900
B00900,2019-10-01 00:21:25,2019-10-01 00:39:49,264.0,124.0,,B00900
B00900,2019-10-01 00:22:04,2019-10-01 00:25:59,264.0,216.0,,B00900
B00911,2019-10-01 00:07:26,2019-10-01 00:22:58,264.0,60.0,,B00911
B00911,2019-10-01 00:12:16,2019-10-01 00:23:20,264.0,248.0,,B00911
B00911,2019-10-01 00:49:13,2019-10-01 01:08:31,264.0,159.0,,B00911
B00911,2019-10-01 00:10:25,2019-10-01 00:30:26,264.0,265.0,,B00911
B00911,2019-10-01 00:28:46,2019-10-01 00:41:12,264.0,243.0,,B00911
B00911,2019-10-01 00:08:26,2019-10-01 00:11:49,264.0,78.0,,B00911
B00911,2019-10-01 00:17:07,2019-10-01 00:31:08,264.0,208.0,,B00911
B00911,2019-10-01 00:44:54,2019-10-01 00:52:36,264.0,32.0,,B00911
B00919,2019-10-01 00:38:27,2019-10-01 00:42:50,264.0,41.0,,B00919
B00919,2019-10-01 00:12:49,2019-10-01 00:17:54,264.0,41.0,,B00919
B00919,2019-10-01 00:36:46,2019-10-01 00:44:00,264.0,159.0,,B00919
B00919,2019-10-01 00:26:36,2019-10-01 00:30:41,264.0,166.0,,B00919
B00919,2019-10-01 00:46:44,2019-10-01 00:54:47,264.0,168.0,,B00919
B00919,2019-10-01 00:12:02,2019-10-01 00:15:28,264.0,166.0,,B00919
B00919,2019-10-01 00:37:55,2019-10-01 00:41:17,264.0,119.0,,B00919
B00919,2019-10-01 00:36:47,2019-10-01 00:38:49,264.0,75.0,,B00919
B00919,2019-10-01 00:14:41,2019-10-01 00:43:13,264.0,167.0,,B00919
B00937,2019-10-01 00:50:21,2019-10-01 00:53:55,264.0,69.0,,B00937
B00937,2019-10-01 00:14:24,2019-10-01 00:26:16,264.0,243.0,,B00937
B00937,2019-10-01 00:53:26,2019-10-01 00:57:26,264.0,235.0,,B00937
B00937,2019-10-01 00:32:13,2019-10-01 00:35:51,264.0,243.0,,B00937
B00937,2019-10-01 00:51:40,2019-10-01 01:01:46,264.0,244.0,,B00937
B00937,2019-10-01 00:03:21,2019-10-01 00:06:35,264.0,243.0,,B00937
B00937,2019-10-01 00:05:01,2019-10-01 00:07:04,264.0,116.0,,B00937
B00937,2019-10-01 00:34:59,2019-10-01 00:42:28,264.0,243.0,,B00937
B00937,2019-10-01 00:34:46,2019-10-01 00:38:10,264.0,244.0,,B00937
B00937,2019-10-01 00:50:32,2019-10-01 00:57:16,264.0,116.0,,B00937
B00937,2019-10-01 00:43:32,2019-10-01 00:48:10,264.0,69.0,,B00937
B00937,2019-10-01 00:50:38,2019-10-01 01:27:35,264.0,254.0,,B00937
B00937,2019-10-01 00:24:01,2019-10-01 00:28:39,264.0,244.0,,B00937
B00937,2019-10-01 00:54:29,2019-10-01 01:15:49,264.0,18.0,,B00937
B01016,2019-10-01 00:00:20,2019-10-01 00:02:09,264.0,76.0,,B01016
B01016,2019-10-01 00:37:37,2019-10-01 00:39:31,264.0,76.0,,B01016
B01051,2019-10-01 00:40:34,2019-10-01 00:55:48,264.0,259.0,,B01051
B01051,2019-10-01 00:05:04,2019-10-01 00:10:52,264.0,20.0,,B01051
B01051,2019-10-01 00:03:04,2019-10-01 00:09:32,264.0,250.0,,B01051
B01051,2019-10-01 00:29:53,2019-10-01 00:41:28,264.0,213.0,,B01051
B01051,2019-10-01 00:50:38,2019-10-01 01:06:12,264.0,244.0,,B01051
B01051,2019-10-01 00:14:56,2019-10-01 00:20:58,264.0,47.0,,B01051
B01051,2019-10-01 00:40:47,2019-10-01 00:44:18,264.0,78.0,,B01051
B01051,2019-10-01 00:44:48,2019-10-01 00:48:47,264.0,213.0,,B01051
B01061,2019-10-01 00:05:14,2019-10-01 00:18:46,264.0,78.0,,B01061
B01061,2019-10-01 00:32:42,2019-10-01 00:42:18,264.0,212.0,,B01061
B01061,2019-10-01 00:48:49,2019-10-01 01:02:47,264.0,213.0,,B01061
B01061,2019-10-01 00:25:16,2019-10-01 00:37:56,264.0,31.0,,B01061
B01061,2019-10-01 00:50:49,2019-10-01 01:01:47,264.0,213.0,,B01061
B01061,2019-10-01 00:06:22,2019-10-01 00:24:00,264.0,168.0,,B01061
B01061,2019-10-01 00:58:41,2019-10-01 01:01:43,264.0,248.0,,B01061
B01061,2019-10-01 00:06:46,2019-10-01 00:12:06,264.0,169.0,,B01061
B01061,2019-10-01 00:28:47,2019-10-01 00:33:36,264.0,47.0,,B01061
B01061,2019-10-01 00:30:34,2019-10-01 00:42:04,264.0,213.0,,B01061
B01061,2019-10-01 00:47:07,2019-10-01 01:04:03,264.0,127.0,,B01061
B01061,2019-10-01 00:24:06,2019-10-01 00:28:08,264.0,248.0,,B01061
B01061,2019-10-01 00:35:08,2019-10-01 00:38:53,264.0,213.0,,B01061
B01061,2019-10-01 00:16:56,2019-10-01 00:23:23,264.0,147.0,,B01061
B01061,2019-10-01 00:36:55,2019-10-01 00:42:56,264.0,208.0,,B01061
B01061,2019-10-01 00:19:07,2019-10-01 00:51:51,264.0,213.0,,B01061
B01065,2019-10-01 00:09:20,2019-10-01 00:19:24,264.0,168.0,,B01065
B01065,2019-10-01 00:27:33,2019-10-01 00:45:43,264.0,213.0,,B01065
B01065,2019-10-01 00:22:11,2019-10-01 00:32:48,264.0,127.0,,B01065
B01065,2019-10-01 00:34:23,2019-10-01 00:47:31,264.0,240.0,,B01065
B01065,2019-10-01 00:27:28,2019-10-01 00:33:19,264.0,74.0,,B01065
B01065,2019-10-01 00:00:25,2019-10-01 00:10:57,264.0,168.0,,B01065
B01065,2019-10-01 00:30:54,2019-10-01 00:40:27,264.0,247.0,,B01065
B01065,2019-10-01 00:16:41,2019-10-01 00:24:47,264.0,75.0,,B01065
B01065,2019-10-01 00:58:18,2019-10-01 01:04:41,264.0,74.0,,B01065
B01065,2019-10-01 00:23:20,2019-10-01 00:33:11,264.0,147.0,,B01065
B01065,2019-10-01 00:18:37,2019-10-01 00:25:51,264.0,42.0,,B01065
B01065,2019-10-01 00:54:58,2019-10-01 01:02:05,264.0,247.0,,B01065
B01083,2019-10-01 00:04:46,2019-10-01 00:15:50,264.0,18.0,,B01083
B01083,2019-10-01 00:12:21,2019-10-01 00:25:30,264.0,169.0,,B01083
B01083,2019-10-01 00:21:29,2019-10-01 00:27:13,264.0,116.0,,B01083
B01083,2019-10-01 00:34:13,2019-10-01 01:04:37,264.0,244.0,,B01083
B01083,2019-10-01 00:02:15,2019-10-01 00:10:10,264.0,220.0,,B01083
B01087,2019-10-01 00:45:55,2019-10-01 01:01:30,125.0,80.0,,B01087
B01087,2019-10-01 00:05:18,2019-10-01 00:20:15,161.0,265.0,,B01087
B01087,2019-10-01 00:14:14,2019-10-01 00:33:19,100.0,95.0,,B01087
B01087,2019-10-01 00:48:02,2019-10-01 01:17:20,161.0,61.0,,B01087
B01087,2019-10-01 00:05:23,2019-10-01 00:36:48,161.0,91.0,,B01087
B01087,2019-10-01 00:19:38,2019-10-01 00:30:35,161.0,107.0,,B01087
B01087,2019-10-01 00:34:57,2019-10-01 00:48:52,162.0,112.0,,B01087
B01087,2019-10-01 00:03:27,2019-10-01 00:34:40,161.0,254.0,,B01087
B01087,2019-10-01 00:16:51,2019-10-01 00:31:28,48.0,137.0,,B01087
B01087,2019-10-01 00:54:37,2019-10-01 01:25:27,162.0,265.0,,B01087
B01087,2019-10-01 00:35:35,2019-10-01 01:16:36,13.0,28.0,,B01087
B01087,2019-10-01 00:08:55,2019-10-01 00:16:56,230.0,237.0,,B01087
B01087,2019-10-01 00:46:02,2019-10-01 01:16:28,13.0,171.0,,B01087
B01087,2019-10-01 00:25:53,2019-10-01 01:17:36,162.0,265.0,,B01087
B01087,2019-10-01 00:11:09,2019-10-01 01:01:08,233.0,39.0,,B01087
B01087,2019-10-01 00:24:09,2019-10-01 00:51:38,230.0,131.0,,B01087
B01087,2019-10-01 00:55:38,2019-10-01 01:11:32,230.0,4.0,,B01087
B01087,2019-10-01 00:25:05,2019-10-01 00:38:30,48.0,13.0,,B01087
B01087,2019-10-01 00:33:54,2019-10-01 00:42:37,161.0,229.0,,B01087
B01087,2019-10-01 00:26:29,2019-10-01 00:45:20,161.0,243.0,,B01087
B01087,2019-10-01 00:05:48,2019-10-01 00:29:00,164.0,218.0,,B01087
B01087,2019-10-01 00:05:54,2019-10-01 00:35:35,164.0,37.0,,B01087
B01087,2019-10-01 00:59:33,2019-10-01 01:22:03,230.0,265.0,,B01087
B01087,2019-10-01 00:51:01,2019-10-01 01:33:10,132.0,265.0,,B01087
B01087,2019-10-01 00:03:24,2019-10-01 00:24:43,162.0,257.0,,B01087
B01087,2019-10-01 00:00:05,2019-10-01 00:24:26,230.0,265.0,,B01087
B01087,2019-10-01 00:04:17,2019-10-01 00:35:52,230.0,265.0,,B01087
B01087,2019-10-01 00:05:54,2019-10-01 00:31:43,161.0,200.0,,B01087
B01091,2019-10-01 00:32:48,2019-10-01 01:07:54,264.0,264.0,,B01091
B01091,2019-10-01 00:37:38,2019-10-01 00:47:38,264.0,264.0,,B01091
B01091,2019-10-01 00:02:00,2019-10-01 00:12:08,264.0,264.0,,B01091
B01091,2019-10-01 00:23:47,2019-10-01 00:41:50,264.0,264.0,,B01091
B01091,2019-10-01 00:49:57,2019-10-01 01:00:03,264.0,264.0,,B01091
B01091,2019-10-01 00:58:28,2019-10-01 01:08:36,264.0,264.0,,B01091
B01091,2019-10-01 00:15:25,2019-10-01 00:25:28,264.0,264.0,,B01091
B01091,2019-10-01 00:29:39,2019-10-01 00:39:46,264.0,264.0,,B01091
B01091,2019-10-01 00:54:28,2019-10-01 01:04:31,264.0,264.0,,B01091
B01124         ,2019-10-01 00:05:19,2019-10-01 00:16:10,173.0,173.0,,B01124         
B01124         ,2019-10-01 00:48:28,2019-10-01 00:55:56,129.0,129.0,,B01124         
B01124         ,2019-10-01 00:13:25,2019-10-01 00:31:37,82.0,56.0,,B01124         
B01124         ,2019-10-01 00:06:32,2019-10-01 00:32:38,56.0,129.0,,B01124         
B01124         ,2019-10-01 00:03:55,2019-10-01 00:09:30,56.0,56.0,,B01124         
B01129,2019-10-01 00:40:00,2019-10-01 00:49:00,264.0,264.0,,B01129
B01145,2019-10-01 00:40:37,2019-10-01 00:51:10,264.0,241.0,,B01145
B01145,2019-10-01 00:09:06,2019-10-01 00:21:36,264.0,212.0,,B01145
B01145,2019-10-01 00:30:05,2019-10-01 00:45:20,264.0,248.0,,B01145
B01145,2019-10-01 00:06:25,2019-10-01 00:13:43,264.0,32.0,,B02876
B01145,2019-10-01 00:26:51,2019-10-01 00:35:40,264.0,3.0,,B02876
B01145,2019-10-01 00:17:43,2019-10-01 00:31:17,264.0,174.0,,B02836
B01145,2019-10-01 00:41:34,2019-10-01 00:58:47,264.0,159.0,,B02836
B01145,2019-10-01 00:39:51,2019-10-01 00:48:27,264.0,243.0,,B01726
B01145,2019-10-01 00:47:50,2019-10-01 00:52:44,264.0,168.0,,B01145
B01145,2019-10-01 00:36:31,2019-10-01 00:52:03,264.0,78.0,,B01145
B01145,2019-10-01 00:04:36,2019-10-01 00:10:54,264.0,168.0,,B02887
B01145,2019-10-01 00:27:46,2019-10-01 00:33:00,264.0,94.0,,B02887
B01145,2019-10-01 00:54:33,2019-10-01 00:59:03,264.0,119.0,,B02887
B01145,2019-10-01 00:31:24,2019-10-01 00:37:28,264.0,168.0,,B01145
B01145,2019-10-01 00:14:40,2019-10-01 00:29:37,264.0,147.0,,B01145
B01145,2019-10-01 00:58:52,2019-10-01 01:06:27,264.0,119.0,,B01145
B01145,2019-10-01 00:38:44,2019-10-01 00:44:26,264.0,247.0,,B02971
B01145,2019-10-01 00:54:53,2019-10-01 01:22:02,264.0,119.0,,B02971
B01145,2019-10-01 00:06:15,2019-10-01 00:22:12,264.0,136.0,,B02867
B01145,2019-10-01 00:13:00,2019-10-01 00:36:05,264.0,265.0,,B02764
B01145,2019-10-01 00:52:14,2019-10-01 01:00:27,264.0,220.0,,B02764
B01145,2019-10-01 00:23:09,2019-10-01 00:27:29,264.0,42.0,,B02875
B01145,2019-10-01 00:05:30,2019-10-01 00:09:06,264.0,169.0,,B02867
B01145,2019-10-01 00:09:55,2019-10-01 00:17:56,264.0,235.0,,B02864
B01145,2019-10-01 00:55:24,2019-10-01 01:07:12,264.0,69.0,,B02864
B01145,2019-10-01 00:23:49,2019-10-01 00:35:59,264.0,116.0,,B01145
B01145,2019-10-01 00:54:07,2019-10-01 00:59:08,264.0,147.0,,B01145
B01145,2019-10-01 00:21:33,2019-10-01 00:26:21,264.0,126.0,,B02875
B01145,2019-10-01 00:38:08,2019-10-01 00:41:48,264.0,248.0,,B02875
B01145,2019-10-01 00:50:09,2019-10-01 00:55:00,264.0,47.0,,B02875
B01145,2019-10-01 00:01:29,2019-10-01 00:04:42,264.0,167.0,,B02887
B01145,2019-10-01 00:28:46,2019-10-01 00:34:47,264.0,47.0,,B02887
B01145,2019-10-01 00:31:38,2019-10-01 00:54:35,264.0,78.0,,B01145
B01145,2019-10-01 00:15:31,2019-10-01 00:27:05,264.0,243.0,,B02765
B01145,2019-10-01 00:53:49,2019-10-01 00:57:34,264.0,69.0,,B02765
B01145,2019-10-01 00:09:39,2019-10-01 00:19:49,264.0,169.0,,B02869
B01145,2019-10-01 00:48:12,2019-10-01 00:56:26,264.0,213.0,,B02869
B01145,2019-10-01 00:06:12,2019-10-01 00:19:31,264.0,235.0,,B01145
B01145,2019-10-01 00:45:44,2019-10-01 00:51:57,264.0,244.0,,B02879
B01145,2019-10-01 00:57:43,2019-10-01 01:02:45,264.0,244.0,,B02879
B01145,2019-10-01 00:10:29,2019-10-01 00:18:43,264.0,248.0,,B02878
B01145,2019-10-01 00:26:53,2019-10-01 00:32:02,264.0,247.0,,B02878
B01145,2019-10-01 00:24:49,2019-10-01 00:37:17,264.0,213.0,,B02864
B01145,2019-10-01 00:15:30,2019-10-01 00:25:33,264.0,126.0,,B03127
B01145,2019-10-01 00:39:42,2019-10-01 00:47:47,264.0,235.0,,B03127
B01145,2019-10-01 00:56:10,2019-10-01 01:07:58,264.0,213.0,,B02971
B01145,2019-10-01 00:46:46,2019-10-01 00:54:28,264.0,168.0,,B02847
B01145,2019-10-01 00:23:24,2019-10-01 00:29:17,264.0,213.0,,B02836
B01148,2019-10-01 00:28:26,2019-10-01 00:35:22,264.0,17.0,,B02660
B01176         ,2019-10-01 00:25:39,2019-10-01 00:47:06,173.0,173.0,,B01176         
B01176         ,2019-10-01 00:59:46,2019-10-01 02:04:58,56.0,92.0,,B01176         
B01176         ,2019-10-01 00:16:36,2019-10-01 00:35:33,129.0,157.0,,B01176         
B01176         ,2019-10-01 00:44:48,2019-10-01 01:08:23,260.0,56.0,,B01176         
B01176         ,2019-10-01 00:34:13,2019-10-01 00:43:40,70.0,70.0,,B01176         
B01176         ,2019-10-01 00:02:35,2019-10-01 00:26:11,173.0,56.0,,B01176         
B01194,2019-10-01 00:35:34,2019-10-01 00:40:44,264.0,36.0,,B01194
B01196,2019-10-01 00:41:52,2019-10-01 00:54:10,264.0,169.0,,B01196
B01196,2019-10-01 00:39:18,2019-10-01 00:52:59,264.0,47.0,,B01196
B01196,2019-10-01 00:35:30,2019-10-01 00:41:20,264.0,153.0,,B01196
B01196,2019-10-01 00:07:02,2019-10-01 00:12:39,264.0,235.0,,B01196
B01196,2019-10-01 00:28:45,2019-10-01 00:36:23,264.0,247.0,,B01196
B01200,2019-10-01 00:02:56,2019-10-01 00:12:15,264.0,215.0,,B01200
B01200,2019-10-01 00:06:42,2019-10-01 00:13:57,264.0,177.0,,B01069
B01200,2019-10-01 00:23:54,2019-10-01 00:37:11,264.0,177.0,,B01069
B01233,2019-10-01 00:19:19,2019-10-01 00:24:36,264.0,51.0,,B01233
B01233,2019-10-01 00:49:01,2019-10-01 01:01:02,264.0,213.0,,B01233
B01233,2019-10-01 00:33:48,2019-10-01 00:39:48,264.0,259.0,,B01233
B01236,2019-10-01 00:30:00,2019-10-01 03:24:00,264.0,264.0,,B01236
B01236,2019-10-01 00:05:00,2019-10-01 00:33:00,264.0,264.0,,B01236
B01236,2019-10-01 00:25:00,2019-10-01 01:20:00,264.0,264.0,,B01236
B01239,2019-10-01 00:50:56,2019-10-01 01:01:27,264.0,265.0,,B01239
B01239,2019-10-01 00:43:04,2019-10-01 00:50:23,264.0,259.0,,B02875
B01239,2019-10-01 00:52:52,2019-10-01 01:00:10,264.0,254.0,,B02875
B01239,2019-10-01 00:32:04,2019-10-01 00:42:01,264.0,265.0,,B02682
B01239,2019-10-01 00:57:09,2019-10-01 01:06:09,264.0,254.0,,B00882
B01239,2019-10-01 00:04:54,2019-10-01 00:08:34,264.0,254.0,,B02847
B01239,2019-10-01 00:43:02,2019-10-01 00:51:20,264.0,265.0,,B02847
B01239,2019-10-01 00:02:29,2019-10-01 00:11:00,264.0,51.0,,B01239
B01239,2019-10-01 00:30:49,2019-10-01 00:40:58,264.0,20.0,,B01239
B01239,2019-10-01 00:17:06,2019-10-01 00:28:55,264.0,18.0,,B02875
B01239,2019-10-01 00:36:49,2019-10-01 00:58:34,264.0,119.0,,B02875
B01239,2019-10-01 00:02:56,2019-10-01 00:10:14,264.0,254.0,,B02864
B01239,2019-10-01 00:54:28,2019-10-01 00:57:30,264.0,254.0,,B02864
B01239,2019-10-01 00:04:00,2019-10-01 00:13:44,264.0,32.0,,B02878
B01239,2019-10-01 00:04:46,2019-10-01 00:18:31,264.0,265.0,,B02765
B01280,2019-10-01 00:37:00,2019-10-01 01:01:00,264.0,264.0,,B01280
B01280,2019-10-01 00:47:00,2019-10-01 01:11:00,264.0,264.0,,B01280
B01285,2019-10-01 00:11:47,2019-10-01 00:29:27,264.0,213.0,,B01285
B01285,2019-10-01 00:39:54,2019-10-01 00:51:31,264.0,119.0,,B01285
B01285,2019-10-01 00:13:08,2019-10-01 00:20:25,264.0,136.0,,B01285
B01285,2019-10-01 00:39:12,2019-10-01 00:45:24,264.0,235.0,,B01285
B01285,2019-10-01 00:53:52,2019-10-01 00:58:48,264.0,243.0,,B01285
B01300,2019-10-01 00:49:19,2019-10-01 01:03:22,264.0,235.0,,B01300
B01300,2019-10-01 00:51:50,2019-10-01 01:01:22,264.0,42.0,,B01300
B01315,2019-10-01 00:14:42,2019-10-01 00:26:08,264.0,182.0,,B01315
B01315,2019-10-01 00:58:03,2019-10-01 01:14:57,264.0,254.0,,B01315
B01315,2019-10-01 00:31:09,2019-10-01 00:42:28,264.0,235.0,,B01315
B01315,2019-10-01 00:46:26,2019-10-01 00:57:14,264.0,20.0,,B01315
B01315,2019-10-01 00:21:27,2019-10-01 00:26:43,264.0,169.0,,B01315
B01315,2019-10-01 00:58:48,2019-10-01 01:04:30,264.0,248.0,,B01315
B01336,2019-10-01 00:32:00,2019-10-01 01:08:00,264.0,264.0,,B01336
B01338,2019-10-01 00:26:17,2019-10-01 00:39:35,264.0,213.0,,B01338
B01338,2019-10-01 00:19:13,2019-10-01 00:31:18,264.0,235.0,,B01338
B01338,2019-10-01 00:06:27,2019-10-01 00:15:47,264.0,81.0,,B01338
B01338,2019-10-01 00:21:17,2019-10-01 00:35:29,264.0,18.0,,B01338
B01338,2019-10-01 00:12:12,2019-10-01 00:21:03,264.0,81.0,,B01338
B01338,2019-10-01 00:46:28,2019-10-01 00:50:53,264.0,174.0,,B01338
B01339,2019-10-01 00:02:12,2019-10-01 00:19:01,264.0,244.0,,B01339
B01339,2019-10-01 00:31:25,2019-10-01 00:40:15,264.0,244.0,,B01339
B01339,2019-10-01 00:00:58,2019-10-01 00:02:02,264.0,244.0,,B01339
B01339,2019-10-01 00:34:01,2019-10-01 00:35:07,264.0,244.0,,B01339
B01339,2019-10-01 00:00:45,2019-10-01 00:12:04,264.0,127.0,,B01339
B01340,2019-10-01 00:03:59,2019-10-01 00:12:36,264.0,185.0,,B01340
B01340,2019-10-01 00:48:27,2019-10-01 00:50:40,264.0,182.0,,B01340
B01340,2019-10-01 00:19:12,2019-10-01 00:25:30,264.0,213.0,,B01340
B01340,2019-10-01 00:22:58,2019-10-01 00:32:19,264.0,247.0,,B01340
B01340,2019-10-01 00:49:08,2019-10-01 00:52:20,264.0,69.0,,B01340
B01340,2019-10-01 00:16:49,2019-10-01 00:19:05,264.0,147.0,,B01340
B01340,2019-10-01 00:16:52,2019-10-01 00:26:48,264.0,250.0,,B01340
B01340,2019-10-01 00:39:20,2019-10-01 00:50:13,264.0,167.0,,B01340
B01341,2019-10-01 00:10:02,2019-10-01 00:31:55,264.0,198.0,,B01341
B01343,2019-10-01 00:12:32,2019-10-01 00:22:47,188.0,61.0,,B01343
B01343,2019-10-01 00:44:33,2019-10-01 00:52:12,61.0,188.0,,B01343
B01362,2019-10-01 00:02:32,2019-10-01 00:06:23,264.0,168.0,,B01362
B01362,2019-10-01 00:32:13,2019-10-01 00:37:15,264.0,168.0,,B01362
B01364,2019-10-01 00:03:34,2019-10-01 00:13:29,160.0,160.0,,B01364         
B01364,2019-10-01 00:43:22,2019-10-01 00:56:32,226.0,226.0,,B01364         
B01364,2019-10-01 00:54:53,2019-10-01 01:07:50,129.0,56.0,,B01364         
B01367,2019-10-01 00:25:25,2019-10-01 00:57:22,88.0,98.0,,B01367
B01367,2019-10-01 00:25:54,2019-10-01 00:58:56,132.0,143.0,,B01367
B01367,2019-10-01 00:35:02,2019-10-01 00:58:21,88.0,212.0,,B01367
B01367,2019-10-01 00:15:41,2019-10-01 00:41:51,237.0,265.0,,B01367
B01367,2019-10-01 00:03:51,2019-10-01 00:35:04,237.0,225.0,,B01367
B01406,2019-10-01 00:33:25,2019-10-02 01:10:34,264.0,205.0,,B01406
B01406,2019-10-01 00:07:08,2019-10-01 00:16:00,264.0,49.0,,B02747
B01406,2019-10-01 00:27:54,2019-10-02 00:46:33,264.0,17.0,,B01406
B01406,2019-10-01 00:19:29,2019-10-01 00:42:13,264.0,75.0,,B02747
B01406,2019-10-01 00:43:48,2019-10-01 00:57:33,264.0,14.0,,B01406
B01413,2019-10-01 00:01:05,2019-10-01 00:13:44,125.0,125.0,,B01413
B01436,2019-10-01 00:01:43,2019-10-01 00:05:15,264.0,226.0,,B01436
B01437,2019-10-01 00:31:00,2019-10-01 00:33:15,264.0,130.0,,B02875
B01437,2019-10-01 00:39:49,2019-10-01 00:45:03,264.0,215.0,,B02875
B01437,2019-10-01 00:19:38,2019-10-01 00:28:16,264.0,82.0,,B02888
B01437,2019-10-01 00:45:00,2019-10-01 00:54:03,264.0,83.0,,B02888
B01437,2019-10-01 00:14:39,2019-10-01 00:21:55,264.0,216.0,,B01437
B01437,2019-10-01 00:42:33,2019-10-01 00:44:40,264.0,63.0,,B01437
B01437,2019-10-01 00:56:30,2019-10-01 01:01:06,264.0,77.0,,B01437
B01437,2019-10-01 00:13:09,2019-10-01 00:15:30,264.0,134.0,,B01437
B01437,2019-10-01 00:31:23,2019-10-01 00:35:02,264.0,216.0,,B01437
B01437,2019-10-01 00:41:19,2019-10-01 00:44:39,264.0,10.0,,B01437
B01437,2019-10-01 00:51:12,2019-10-01 00:54:13,264.0,218.0,,B01437
B01437,2019-10-01 00:08:17,2019-10-01 00:23:39,264.0,191.0,,B03227
B01437,2019-10-01 00:56:15,2019-10-01 01:04:26,264.0,28.0,,B02836
B01437,2019-10-01 00:04:42,2019-10-01 00:35:29,264.0,226.0,,B02764
B01437,2019-10-01 00:02:29,2019-10-01 00:06:21,264.0,134.0,,B01437
B01437,2019-10-01 00:14:37,2019-10-01 01:41:21,264.0,258.0,,B02888
B01437,2019-10-01 00:13:53,2019-10-01 00:23:02,264.0,28.0,,B02160
B01437,2019-10-01 00:27:29,2019-10-01 00:49:51,264.0,28.0,,B02877
B01437,2019-10-01 00:13:11,2019-10-01 00:22:43,264.0,28.0,,B02765
B01437,2019-10-01 00:41:43,2019-10-01 00:57:20,264.0,197.0,,B02765
B01445,2019-10-01 00:30:00,2019-10-01 00:50:00,22.0,227.0,,B01445
B01445,2019-10-01 00:47:00,2019-10-01 01:10:00,227.0,22.0,,B01445
B01445,2019-10-01 00:13:00,2019-10-01 00:58:00,216.0,22.0,,B01445
B01445,2019-10-01 00:25:00,2019-10-01 00:44:00,180.0,264.0,,B01445
B01445,2019-10-01 00:46:00,2019-10-01 01:22:00,216.0,11.0,,B01445
B01445,2019-10-01 00:39:00,2019-10-01 00:53:00,227.0,21.0,,B01445
B01445,2019-10-01 00:13:00,2019-10-01 00:36:00,67.0,22.0,,B01445
B01445,2019-10-01 00:43:00,2019-10-01 01:24:00,22.0,92.0,,B01445
B01445,2019-10-01 00:03:00,2019-10-01 00:42:00,124.0,22.0,,B01445
B01445,2019-10-01 00:35:00,2019-10-01 00:57:00,22.0,26.0,,B01445
B01445,2019-10-01 00:45:00,2019-10-01 01:08:00,132.0,227.0,,B01445
B01445,2019-10-01 00:25:00,2019-10-01 00:34:00,67.0,227.0,,B01445
B01445,2019-10-01 00:46:00,2019-10-01 00:55:00,227.0,22.0,,B01445
B01454,2019-10-01 00:02:55,2019-10-01 00:11:18,264.0,17.0,,B01454
B01454,2019-10-01 00:19:38,2019-10-01 00:25:22,264.0,17.0,,B01454
B01454,2019-10-01 00:51:59,2019-10-01 00:57:02,264.0,61.0,,B01454
B01454,2019-10-01 00:06:40,2019-10-01 00:21:55,264.0,76.0,,B01454
B01455,2019-10-01 00:32:38,2019-10-01 00:40:33,264.0,160.0,,B01455
B01485,2019-10-01 00:10:39,2019-10-01 00:15:42,264.0,72.0,,B02869
B01485,2019-10-01 00:29:07,2019-10-01 00:32:19,264.0,72.0,,B02869
B01485,2019-10-01 00:46:43,2019-10-01 01:01:20,264.0,77.0,,B01485
B01485,2019-10-01 00:08:14,2019-10-01 00:10:46,264.0,177.0,,B02883
B01485,2019-10-01 00:20:38,2019-10-01 00:29:54,264.0,39.0,,B02883
B01485,2019-10-01 00:41:26,2019-10-01 00:49:18,264.0,72.0,,B02883
B01485,2019-10-01 00:02:45,2019-10-01 00:14:13,264.0,61.0,,B02882
B01485,2019-10-01 00:52:15,2019-10-01 01:11:31,264.0,97.0,,B02882
B01485,2019-10-01 00:04:48,2019-10-01 00:17:00,264.0,85.0,,B01485
B01485,2019-10-01 00:18:21,2019-10-01 00:25:29,264.0,35.0,,B02871
B01485,2019-10-01 00:47:44,2019-10-01 00:56:45,264.0,85.0,,B02871
B01485,2019-10-01 00:36:46,2019-10-01 00:53:49,264.0,61.0,,B02871
B01506,2019-10-01 00:56:39,2019-10-01 01:15:50,179.0,197.0,,B01506
B01506,2019-10-01 00:01:42,2019-10-01 00:09:56,179.0,179.0,,B01506
B01506,2019-10-01 00:53:13,2019-10-01 01:00:15,146.0,146.0,,B01506
B01506,2019-10-01 00:03:53,2019-10-01 00:12:07,223.0,223.0,,B01506
B01506,2019-10-01 00:42:55,2019-10-01 00:52:03,179.0,82.0,,B01506
B01506,2019-10-01 00:04:02,2019-10-01 00:12:16,223.0,223.0,,B01506
B01506,2019-10-01 00:35:14,2019-10-01 00:42:16,129.0,129.0,,B01506
B01506,2019-10-01 00:48:28,2019-10-01 00:55:30,129.0,129.0,,B01506
B01506,2019-10-01 00:02:03,2019-10-01 00:07:37,129.0,129.0,,B01506
B01506,2019-10-01 00:59:39,2019-10-01 01:13:00,179.0,173.0,,B01506
B01509,2019-10-01 00:18:00,2019-10-01 00:22:32,264.0,149.0,,B01509
B01509,2019-10-01 00:22:37,2019-10-01 00:45:54,264.0,14.0,,B01509
B01509,2019-10-01 00:05:13,2019-10-01 00:24:18,264.0,89.0,,B01509
B01509,2019-10-01 00:46:15,2019-10-01 00:55:08,264.0,22.0,,B01509
B01509,2019-10-01 00:17:24,2019-10-01 00:24:14,264.0,22.0,,B01509
B01509,2019-10-01 00:45:58,2019-10-01 00:54:31,264.0,11.0,,B01509
B01509,2019-10-01 00:57:20,2019-10-01 01:06:03,264.0,150.0,,B01509
B01527,2019-10-01 00:01:28,2019-10-01 00:08:15,264.0,74.0,,B01527
B01527,2019-10-01 00:49:57,2019-10-01 01:07:34,264.0,116.0,,B01527
B01529,2019-10-01 00:15:16,2019-10-01 00:22:19,264.0,37.0,,B01529
B01529,2019-10-01 00:59:30,2019-10-01 01:11:23,264.0,37.0,,B01529
B01536,2019-10-01 00:06:49,2019-10-01 00:11:50,264.0,127.0,,B01536
B01536,2019-10-01 00:26:28,2019-10-01 00:35:04,264.0,244.0,,B01536
B01536,2019-10-01 00:38:34,2019-10-01 00:52:47,264.0,18.0,,B01536
B01536,2019-10-01 00:11:05,2019-10-01 00:20:37,264.0,235.0,,B01536
B01536,2019-10-01 00:06:58,2019-10-01 00:16:30,264.0,235.0,,B01536
B01536,2019-10-01 00:51:03,2019-10-01 00:57:15,264.0,265.0,,B01536
B01536,2019-10-01 00:08:01,2019-10-01 00:15:04,264.0,220.0,,B01536
B01536,2019-10-01 00:41:45,2019-10-01 00:56:18,264.0,127.0,,B01536
B01536,2019-10-01 00:19:59,2019-10-01 00:28:35,264.0,241.0,,B01536
B01536,2019-10-01 00:43:53,2019-10-01 00:56:28,264.0,127.0,,B01536
B01536,2019-10-01 00:08:46,2019-10-01 00:19:24,264.0,127.0,,B01536
B01536,2019-10-01 00:40:37,2019-10-01 00:45:52,264.0,241.0,,B01536
B01536,2019-10-01 00:51:41,2019-10-01 01:02:06,264.0,243.0,,B01536
B01537,2019-10-01 00:54:00,2019-10-01 01:08:00,264.0,264.0,,B01537
B01537,2019-10-01 00:46:00,2019-10-01 01:00:00,264.0,264.0,,B01537
B01553,2019-10-01 00:10:47,2019-10-01 00:14:46,264.0,124.0,,B01553
B01568         ,2019-10-01 00:57:53,2019-10-01 01:09:25,173.0,173.0,,B01568         
B01568         ,2019-10-01 00:25:52,2019-10-01 00:35:23,173.0,173.0,,B01568         
B01606,2019-10-01 00:56:48,2019-10-01 01:01:02,264.0,228.0,,B01606
B01606,2019-10-01 00:00:53,2019-10-01 00:09:14,264.0,227.0,,B01606
B01606,2019-10-01 00:36:02,2019-10-01 00:44:12,264.0,26.0,,B01606
B01606,2019-10-01 00:29:23,2019-10-01 00:51:11,264.0,55.0,,B01606
B01606,2019-10-01 00:51:21,2019-10-01 00:57:57,264.0,26.0,,B01606
B01623,2019-10-01 00:39:00,2019-10-01 00:51:00,264.0,264.0,,B01623
B01626,2019-10-01 00:00:13,2019-10-01 00:04:53,264.0,130.0,,B01626
B01626,2019-10-01 00:42:29,2019-10-01 01:07:12,264.0,28.0,,B01626
B01626,2019-10-01 00:31:32,2019-10-01 00:36:40,264.0,93.0,,B01626
B01626,2019-10-01 00:52:06,2019-10-01 01:09:10,264.0,96.0,,B01626
B01626,2019-10-01 00:42:52,2019-10-01 00:48:16,264.0,130.0,,B01626
B01626,2019-10-01 00:39:33,2019-10-01 00:44:53,264.0,130.0,,B01626
B01626,2019-10-01 00:31:45,2019-10-01 00:43:55,264.0,10.0,,B01626
B01626,2019-10-01 00:55:28,2019-10-01 01:13:19,264.0,191.0,,B01626
B01626,2019-10-01 00:39:58,2019-10-01 00:46:20,264.0,28.0,,B01626
B01626,2019-10-01 00:19:09,2019-10-01 00:28:16,264.0,130.0,,B01626
B01626,2019-10-01 00:49:35,2019-10-01 01:09:04,264.0,121.0,,B01626
B01626,2019-10-01 00:09:20,2019-10-01 00:13:45,264.0,130.0,,B01626
B01626,2019-10-01 00:46:33,2019-10-01 01:08:41,264.0,83.0,,B01626
B01626,2019-10-01 00:42:34,2019-10-01 00:46:08,264.0,197.0,,B01626
B01629,2019-10-01 00:33:12,2019-10-01 00:33:18,29.0,29.0,,B01629
B01629,2019-10-01 00:37:22,2019-10-01 00:37:31,55.0,55.0,,B01629
B01639,2019-10-01 00:54:23,2019-10-01 00:57:24,264.0,18.0,,B01639
B01639,2019-10-01 00:28:56,2019-10-01 01:28:19,264.0,3.0,,B01639
B01639,2019-10-01 00:40:17,2019-10-01 00:52:12,264.0,43.0,,B01639
B01644,2019-10-01 00:55:00,2019-10-01 01:16:00,264.0,264.0,,B01644
B01663,2019-10-01 00:11:13,2019-10-01 00:17:38,264.0,173.0,,B01663
B01663,2019-10-01 00:06:55,2019-10-01 00:28:41,264.0,16.0,,B01663
B01663,2019-10-01 00:40:30,2019-10-01 00:53:31,264.0,226.0,,B01663
B01674         ,2019-10-01 00:04:07,2019-10-01 00:22:20,226.0,56.0,,B01674         
B01711         ,2019-10-01 00:37:20,2019-10-01 00:55:53,9.0,171.0,,B01711         
B01711         ,2019-10-01 00:50:14,2019-10-01 00:59:22,171.0,9.0,,B01711         
B01711         ,2019-10-01 00:38:00,2019-10-01 00:58:08,73.0,70.0,,B01711         
B01711         ,2019-10-01 00:34:53,2019-10-01 00:53:33,73.0,173.0,,B01711         
B01717,2019-10-01 00:20:06,2019-10-01 00:28:38,264.0,169.0,,B01717
B01717,2019-10-01 00:58:13,2019-10-01 01:24:42,264.0,235.0,,B01717
B01717,2019-10-01 00:20:44,2019-10-01 00:24:23,264.0,244.0,,B01717
B01717,2019-10-01 00:41:06,2019-10-01 00:46:40,264.0,116.0,,B01717
B01717,2019-10-01 00:48:17,2019-10-01 01:16:26,264.0,78.0,,B01717
B01717,2019-10-01 00:01:16,2019-10-01 00:05:21,264.0,94.0,,B01717
B01717,2019-10-01 00:00:40,2019-10-01 00:25:46,264.0,119.0,,B01717
B01717,2019-10-01 00:42:04,2019-10-01 00:50:20,264.0,69.0,,B01717
B01717,2019-10-01 00:29:35,2019-10-01 00:36:58,264.0,250.0,,B01717
B01721,2019-10-01 00:19:27,2019-10-01 00:29:20,264.0,144.0,,B00887
B01721,2019-10-01 00:50:10,2019-10-01 00:55:37,264.0,256.0,,B01721
B01726,2019-10-01 00:59:55,2019-10-01 01:04:57,264.0,69.0,,B01726
B01726,2019-10-01 00:58:15,2019-10-01 01:25:14,264.0,78.0,,B01726
B01726,2019-10-01 00:44:03,2019-10-01 00:47:51,264.0,94.0,,B01726
B01726,2019-10-01 00:02:53,2019-10-01 00:08:24,264.0,244.0,,B01726
B01726,2019-10-01 00:14:11,2019-10-01 00:30:03,264.0,244.0,,B01726
B01726,2019-10-01 00:39:25,2019-10-01 00:43:18,264.0,94.0,,B01726
B01730,2019-10-01 00:07:26,2019-10-01 00:14:50,264.0,148.0,,B02096
B01730,2019-10-01 00:38:04,2019-10-01 00:56:55,264.0,226.0,,B02096
B01730,2019-10-01 00:16:56,2019-10-01 00:45:51,264.0,21.0,,B02096
B01730,2019-10-01 00:00:18,2019-10-01 00:29:57,264.0,82.0,,B02882
B01730,2019-10-01 00:51:22,2019-10-01 01:18:19,264.0,148.0,,B02882
B01730,2019-10-01 00:16:34,2019-10-01 00:43:56,264.0,98.0,,B02096
B01730,2019-10-01 00:31:00,2019-10-01 01:21:11,264.0,261.0,,B02096
B01730,2019-10-01 00:17:19,2019-10-01 00:55:41,264.0,21.0,,B02096
B01730,2019-10-01 00:16:29,2019-10-01 00:43:48,264.0,7.0,,B02096
B01730,2019-10-01 00:36:47,2019-10-01 00:53:00,264.0,196.0,,B02096
B01730,2019-10-01 00:53:25,2019-10-01 01:10:12,264.0,22.0,,B02096
B01730,2019-10-01 00:48:19,2019-10-01 01:16:42,264.0,90.0,,B02096
B01730,2019-10-01 00:36:20,2019-10-01 00:50:05,264.0,227.0,,B02096
B01730,2019-10-01 00:12:50,2019-10-01 00:20:17,264.0,256.0,,B02096
B01730,2019-10-01 00:06:38,2019-10-01 00:21:52,264.0,227.0,,B02096
B01730,2019-10-01 00:55:15,2019-10-01 01:09:40,264.0,157.0,,B02096
B01738,2019-10-01 00:11:28,2019-10-01 00:45:13,264.0,93.0,,B01738
B01745,2019-10-01 00:02:25,2019-10-01 00:08:39,264.0,258.0,,B01745
B01745,2019-10-01 00:40:24,2019-10-01 00:43:42,264.0,197.0,,B01745
B01764,2019-10-01 00:48:00,2019-10-01 01:22:00,264.0,264.0,,B01764
B01768,2019-10-01 00:37:46,2019-10-01 00:59:52,264.0,241.0,,B01768
B01800,2019-10-01 00:57:00,2019-10-01 01:36:00,264.0,264.0,,B01800
B01800,2019-10-01 00:19:00,2019-10-01 01:11:00,264.0,264.0,,B01800
B01800,2019-10-01 00:48:00,2019-10-01 01:12:00,264.0,264.0,,B01800
B01800,2019-10-01 00:49:00,2019-10-01 01:21:00,264.0,264.0,,B01800
B01800,2019-10-01 00:46:00,2019-10-01 01:25:00,264.0,264.0,,B01800
B01854,2019-10-01 00:45:00,2019-10-01 01:45:00,264.0,264.0,,B01854
B01854,2019-10-01 00:45:00,2019-10-01 01:45:00,264.0,264.0,,B02966
B01854,2019-10-01 00:45:00,2019-10-01 01:45:00,264.0,264.0,,B02256
B01875,2019-10-01 00:57:42,2019-10-01 00:58:09,264.0,264.0,,B01875
B01877,2019-10-01 00:31:45,2019-10-01 00:31:58,264.0,264.0,,B00306
B01877,2019-10-01 00:34:00,2019-10-01 00:34:06,264.0,264.0,,B00306
B01877,2019-10-01 00:40:43,2019-10-01 00:40:49,264.0,264.0,,B00306
B01877,2019-10-01 00:15:33,2019-10-01 00:53:12,264.0,264.0,,B00306
B01907,2019-10-01 00:06:54,2019-10-01 00:47:06,264.0,76.0,,B02835
B01938,2019-10-01 00:26:00,2019-10-01 01:20:00,264.0,264.0,,B01938
B01938,2019-10-01 00:33:00,2019-10-01 01:34:00,264.0,264.0,,B01938
B01949,2019-10-01 00:07:00,2019-10-01 01:30:00,264.0,264.0,,B01949
B01949,2019-10-01 00:01:00,2019-10-01 00:30:00,264.0,264.0,,B02512
B01949,2019-10-01 00:01:00,2019-10-01 00:30:00,264.0,264.0,,B01949
B01949,2019-10-01 00:11:00,2019-10-01 01:00:00,264.0,264.0,,B01949
B01958,2019-10-01 00:15:00,2019-10-01 00:58:00,264.0,264.0,,B01958
B01958,2019-10-01 00:14:00,2019-10-01 00:46:00,264.0,264.0,,B01958
B01958,2019-10-01 00:28:00,2019-10-01 00:57:00,264.0,264.0,,B01958
B01958,2019-10-01 00:00:00,2019-10-01 00:23:00,264.0,264.0,,B01958
B01963,2019-10-01 00:38:27,2019-10-01 00:46:15,264.0,177.0,,B01963
B01984,2019-10-01 00:39:00,2019-10-01 01:01:00,264.0,258.0,,B01984
B01984,2019-10-01 00:08:00,2019-10-01 00:15:00,264.0,22.0,,B01984
B01984,2019-10-01 00:49:00,2019-10-01 01:18:00,264.0,216.0,,B01984
B01984,2019-10-01 00:15:00,2019-10-01 00:22:00,264.0,67.0,,B01984
B01984,2019-10-01 00:12:00,2019-10-01 00:40:00,264.0,82.0,,B01984
B01984,2019-10-01 00:36:00,2019-10-01 00:44:00,264.0,67.0,,B01984
B01995         ,2019-10-01 00:21:33,2019-10-01 00:28:23,82.0,260.0,,B01995         
B01995         ,2019-10-01 00:10:55,2019-10-01 00:23:32,56.0,129.0,,B01995         
B02003,2019-10-01 00:35:05,2019-10-01 01:12:44,264.0,264.0,,B02003
B02003,2019-10-01 00:22:40,2019-10-01 01:00:19,264.0,264.0,,B02003
B02003,2019-10-01 00:48:29,2019-10-01 01:10:27,264.0,264.0,,B02003
B02005,2019-10-01 00:30:00,2019-10-01 00:37:00,264.0,264.0,,B02005
B02050,2019-10-01 00:00:00,2019-10-01 00:30:00,264.0,264.0,,B02050
B02050,2019-10-01 00:18:00,2019-10-01 02:48:00,264.0,264.0,,B02050
B02060,2019-10-01 00:33:04,2019-10-01 01:10:02,132.0,162.0,,B02060
B02060,2019-10-01 00:39:13,2019-10-01 00:39:17,132.0,265.0,,B02060
B02060,2019-10-01 00:39:00,2019-10-01 01:13:10,87.0,265.0,,B02060
B02060,2019-10-01 00:03:57,2019-10-01 00:04:00,161.0,265.0,,B02060
B02060,2019-10-01 00:41:10,2019-10-01 01:09:42,132.0,224.0,,B02060
B02060,2019-10-01 00:31:41,2019-10-01 00:53:03,230.0,263.0,,B02060
B02060,2019-10-01 00:09:17,2019-10-01 01:03:17,132.0,265.0,,B02060
B02067,2019-10-01 00:31:30,2019-10-01 00:55:52,264.0,87.0,,B02067
B02067,2019-10-01 00:51:37,2019-10-01 01:10:31,264.0,140.0,,B02067
B02067,2019-10-01 00:02:32,2019-10-01 00:09:38,264.0,233.0,,B02067
B02067,2019-10-01 00:09:39,2019-10-01 00:36:30,264.0,206.0,,B02067
B02067,2019-10-01 00:18:22,2019-10-01 00:30:21,264.0,265.0,,B02067
B02096,2019-10-01 00:30:44,2019-10-01 01:21:02,264.0,265.0,,B02096
B02101,2019-10-01 00:21:20,2019-10-01 00:55:40,264.0,265.0,,B02101
B02101,2019-10-01 00:06:11,2019-10-01 00:38:38,264.0,265.0,,B02875
B02101,2019-10-01 00:00:37,2019-10-01 00:27:58,264.0,265.0,,B02101
B02101,2019-10-01 00:10:15,2019-10-01 00:36:11,264.0,265.0,,B02101
B02101,2019-10-01 00:24:35,2019-10-01 00:48:09,264.0,265.0,,B02872
B02101,2019-10-01 00:02:35,2019-10-01 00:38:05,264.0,265.0,,B02101
B02101,2019-10-01 00:16:13,2019-10-01 00:51:31,264.0,265.0,,B02871
B02107,2019-10-01 00:06:01,2019-10-01 00:10:53,264.0,147.0,,B02107
B02107,2019-10-01 00:20:55,2019-10-01 00:41:36,264.0,248.0,,B02107
B02111,2019-10-01 00:19:09,2019-10-01 00:20:42,92.0,92.0,,B02111
B02111,2019-10-01 00:27:22,2019-10-01 00:27:24,92.0,92.0,,B02111
B02111,2019-10-01 00:50:14,2019-10-01 00:50:15,92.0,216.0,,B02111
B02111,2019-10-01 00:40:20,2019-10-01 00:48:53,92.0,92.0,,B02111
B02111,2019-10-01 00:18:20,2019-10-01 00:27:42,92.0,252.0,,B02111
B02111,2019-10-01 00:47:51,2019-10-01 00:47:53,92.0,192.0,,B02111
B02111,2019-10-01 00:27:26,2019-10-01 00:37:38,92.0,53.0,,B02111
B02111,2019-10-01 00:20:10,2019-10-01 00:23:32,73.0,92.0,,B02111
B02111,2019-10-01 00:34:53,2019-10-01 00:43:38,92.0,92.0,,B02111
B02111,2019-10-01 00:59:03,2019-10-01 01:02:22,92.0,92.0,,B02111
B02111,2019-10-01 00:27:32,2019-10-01 00:35:18,92.0,82.0,,B02111
B02111,2019-10-01 00:16:56,2019-10-01 01:09:42,209.0,82.0,,B02111
B02111,2019-10-01 00:55:57,2019-10-01 00:56:01,92.0,56.0,,B02111
B02111,2019-10-01 00:55:05,2019-10-01 01:07:07,171.0,92.0,,B02111
B02111,2019-10-01 00:41:27,2019-10-01 00:41:29,192.0,92.0,,B02111
B02111,2019-10-01 00:57:36,2019-10-01 00:59:06,92.0,171.0,,B02111
B02111,2019-10-01 00:34:38,2019-10-01 00:42:02,19.0,192.0,,B02111
B02111,2019-10-01 00:58:00,2019-10-01 01:05:50,192.0,216.0,,B02111
B02111,2019-10-01 00:16:01,2019-10-01 00:34:31,92.0,64.0,,B02111
B02111,2019-10-01 00:55:26,2019-10-01 01:36:46,92.0,92.0,,B02111
B02111,2019-10-01 00:32:30,2019-10-01 00:44:46,121.0,216.0,,B02111
B02120,2019-10-01 00:03:00,2019-10-01 00:41:15,264.0,264.0,,B02120
B02138,2019-10-01 00:04:50,2019-10-01 00:12:42,264.0,11.0,,B02138
B02138,2019-10-01 00:37:38,2019-10-01 00:46:33,264.0,26.0,,B02138
B02145,2019-10-01 00:09:56,2019-10-01 00:20:42,264.0,225.0,,B02145
B02162,2019-10-01 00:20:47,2019-10-01 00:35:53,264.0,85.0,,1UBER
B02162,2019-10-01 00:28:28,2019-10-01 00:32:33,264.0,210.0,,1UBER
B02162,2019-10-01 00:03:06,2019-10-01 00:08:01,264.0,76.0,,1UBER
B02162,2019-10-01 00:26:43,2019-10-01 00:26:44,264.0,39.0,,1UBER
B02163,2019-10-01 00:17:02,2019-10-01 00:21:35,264.0,188.0,,B02163
B02182,2019-10-01 00:38:15,2019-10-01 01:59:48,264.0,264.0,,B02182
B02245,2019-10-01 00:01:40,2019-10-01 00:11:49,264.0,22.0,,B02245
B02245,2019-10-01 00:31:55,2019-10-01 00:35:35,264.0,165.0,,B02245
B02249,2019-10-01 00:45:28,2019-10-01 00:52:13,264.0,7.0,,B02249
B02249,2019-10-01 00:01:33,2019-10-01 00:12:41,264.0,129.0,,B02249
B02249,2019-10-01 00:35:13,2019-10-01 00:42:54,264.0,129.0,,B02249
B02249,2019-10-01 00:14:40,2019-10-01 00:21:19,264.0,173.0,,B02249
B02249,2019-10-01 00:35:01,2019-10-01 00:53:32,264.0,173.0,,B02249
B02249,2019-10-01 00:20:06,2019-10-01 00:26:10,264.0,82.0,,B02249
B02249,2019-10-01 00:41:43,2019-10-01 00:49:16,264.0,82.0,,B02249
B02279         ,2019-10-01 00:10:09,2019-10-01 00:43:01,6.0,214.0,,B02279         
B02279         ,2019-10-01 00:54:22,2019-10-01 01:27:35,156.0,156.0,,B02279         
B02292,2019-10-01 00:03:27,2019-10-01 00:12:28,264.0,35.0,,B02887
B02292,2019-10-01 00:19:01,2019-10-01 00:25:06,264.0,77.0,,B02887
B02292,2019-10-01 00:31:31,2019-10-01 00:37:49,264.0,177.0,,B02887
B02292,2019-10-01 00:56:43,2019-10-01 01:05:01,264.0,225.0,,B02887
B02298,2019-10-01 00:25:00,2019-10-01 01:17:00,264.0,264.0,,B02298
B02301,2019-10-01 00:06:00,2019-10-01 00:45:00,265.0,265.0,,B02301
B02311,2019-10-01 00:18:25,2019-10-01 00:18:28,264.0,72.0,,B02311
B02311,2019-10-01 00:20:13,2019-10-01 00:31:00,264.0,39.0,,B02311
B02311,2019-10-01 00:11:51,2019-10-01 00:16:24,264.0,71.0,,B02311
B02331,2019-10-01 00:53:44,2019-10-01 00:56:57,264.0,67.0,,B02331
B02401,2019-10-01 00:47:30,2019-10-01 01:13:17,264.0,56.0,,B02401
B02416,2019-10-01 00:56:00,2019-10-01 01:05:00,,,,B02416
B02418,2019-10-01 00:05:00,2019-10-01 00:35:00,264.0,264.0,,B02418
B02418,2019-10-01 00:11:00,2019-10-01 00:41:00,264.0,264.0,,B02835
B02418,2019-10-01 00:12:00,2019-10-01 01:02:00,264.0,264.0,,B02835
B02429,2019-10-01 00:19:51,2019-10-01 00:31:48,264.0,264.0,,B02429
B02437,2019-10-01 00:13:38,2019-10-01 00:15:59,264.0,69.0,,B02437
B02437,2019-10-01 00:20:12,2019-10-01 00:26:46,264.0,235.0,,B02437
B02437,2019-10-01 00:17:48,2019-10-01 00:19:56,264.0,169.0,,B02437
B02437,2019-10-01 00:19:31,2019-10-01 00:27:35,264.0,248.0,,B02437
B02437,2019-10-01 00:56:06,2019-10-01 01:06:33,264.0,248.0,,B02437
B02437,2019-10-01 00:04:13,2019-10-01 00:09:25,264.0,18.0,,B02437
B02437,2019-10-01 00:19:06,2019-10-01 00:32:13,264.0,247.0,,B02437
B02437,2019-10-01 00:43:23,2019-10-01 00:45:27,264.0,47.0,,B02437
B02437,2019-10-01 00:10:28,2019-10-01 00:21:46,264.0,182.0,,B02437
B02437,2019-10-01 00:34:25,2019-10-01 00:47:59,264.0,248.0,,B02437
B02437,2019-10-01 00:06:40,2019-10-01 00:19:47,264.0,213.0,,B02437
B02437,2019-10-01 00:26:15,2019-10-01 00:35:03,264.0,212.0,,B02437
B02437,2019-10-01 00:52:23,2019-10-01 01:05:18,264.0,69.0,,B02437
B02437,2019-10-01 00:05:44,2019-10-01 00:22:34,264.0,168.0,,B02437
B02437,2019-10-01 00:22:40,2019-10-01 00:27:26,264.0,247.0,,B02437
B02437,2019-10-01 00:43:41,2019-10-01 00:56:16,264.0,250.0,,B02437
B02472,2019-10-01 00:04:14,2019-10-01 00:09:44,264.0,225.0,,B02472
B02472,2019-10-01 00:22:08,2019-10-01 00:26:08,264.0,225.0,,B02472
B02472,2019-10-01 00:11:36,2019-10-01 00:15:28,264.0,80.0,,B02472
B02472,2019-10-01 00:03:49,2019-10-01 00:07:29,264.0,256.0,,B02472
B02472,2019-10-01 00:56:12,2019-10-01 01:01:58,264.0,217.0,,B02472
B02536,2019-10-01 00:06:37,2019-10-01 00:12:37,264.0,264.0,,B02536
B02536,2019-10-01 00:15:42,2019-10-01 00:32:09,264.0,264.0,,B02536
B02546,2019-10-01 00:24:56,2019-10-01 00:34:50,264.0,94.0,,B02546
B02546,2019-10-01 00:47:40,2019-10-01 00:49:14,264.0,147.0,,B02546
B02546,2019-10-01 00:28:25,2019-10-01 00:46:37,264.0,119.0,,B02546
B02546,2019-10-01 00:07:59,2019-10-01 00:24:19,264.0,174.0,,B02546
B02546,2019-10-01 00:33:35,2019-10-01 00:45:44,264.0,168.0,,B02546
B02546,2019-10-01 00:24:09,2019-10-01 00:32:45,264.0,182.0,,B02546
B02613,2019-10-01 00:12:43,2019-10-01 00:22:40,264.0,85.0,,B02613
B02613,2019-10-01 00:12:19,2019-10-01 00:23:59,264.0,177.0,,B02613
B02613,2019-10-01 00:40:03,2019-10-01 00:45:11,264.0,36.0,,B02613
B02613,2019-10-01 00:14:26,2019-10-01 00:14:29,264.0,76.0,,B02613
B02613,2019-10-01 00:08:09,2019-10-01 00:15:29,264.0,35.0,,B02613
B02634,2019-10-01 00:16:22,2019-10-01 00:17:29,264.0,78.0,,B02634
B02634,2019-10-01 00:25:27,2019-10-01 00:32:42,264.0,243.0,,B02634
B02634,2019-10-01 00:39:31,2019-10-02 00:42:54,264.0,241.0,,B02634
B02634,2019-10-01 00:06:08,2019-10-01 00:22:38,264.0,235.0,,B02634
B02634,2019-10-01 00:11:57,2019-10-01 00:32:57,264.0,147.0,,B02634
B02634,2019-10-01 00:58:48,2019-10-01 01:12:43,264.0,136.0,,B02634
B02643,2019-10-01 00:23:57,2019-10-01 00:27:56,264.0,135.0,,B02652
B02643,2019-10-01 00:41:57,2019-10-01 00:48:03,264.0,73.0,,B02652
B02653,2019-10-01 00:45:05,2019-10-01 00:51:52,264.0,243.0,,B02653
B02653,2019-10-01 00:56:31,2019-10-01 01:06:20,264.0,159.0,,B02653
B02670,2019-10-01 00:52:00,2019-10-01 02:13:00,264.0,264.0,,B02670
B02670,2019-10-01 00:48:00,2019-10-01 01:59:00,264.0,264.0,,B02670
B02671,2019-10-01 00:06:48,2019-10-01 00:23:19,264.0,72.0,,B02671
B02677,2019-10-01 00:26:51,2019-10-01 00:36:47,264.0,63.0,,B02677
B02677,2019-10-01 00:46:50,2019-10-01 00:51:30,264.0,76.0,,B02677
B02677,2019-10-01 00:22:31,2019-10-01 00:36:49,264.0,76.0,,B02677
B02688,2019-10-01 00:30:08,2019-10-01 00:36:44,264.0,167.0,,B02688
B02688,2019-10-01 00:49:13,2019-10-01 00:55:15,264.0,59.0,,B02688
B02709,2019-10-01 00:11:57,2019-10-01 00:27:04,264.0,264.0,,B02709
B02715,2019-10-01 00:08:47,2019-10-01 00:35:16,1.0,163.0,,B02715
B02715,2019-10-01 00:22:38,2019-10-01 01:01:52,1.0,236.0,,B02882
B02715,2019-10-01 00:32:53,2019-10-01 00:59:09,132.0,162.0,,B02715
B02715,2019-10-01 00:05:23,2019-10-01 00:34:58,132.0,37.0,,B02888
B02715,2019-10-01 00:10:45,2019-10-01 00:41:22,132.0,68.0,,B02101
B02715,2019-10-01 00:08:00,2019-10-01 00:35:55,132.0,80.0,,B02887
B02715,2019-10-01 00:46:45,2019-10-01 01:15:29,132.0,113.0,,B02875
B02715,2019-10-01 00:50:09,2019-10-01 01:18:37,132.0,40.0,,B02871
B02715,2019-10-01 00:12:01,2019-10-01 00:38:35,132.0,112.0,,B02765
B02715,2019-10-01 00:09:14,2019-10-01 00:42:26,138.0,237.0,,B02888
B02717,2019-10-01 00:14:30,2019-10-01 00:21:22,264.0,17.0,,B02717
B02717,2019-10-01 00:42:23,2019-10-01 00:47:55,264.0,61.0,,B02717
B02719,2019-10-01 00:45:47,2019-10-01 00:55:41,264.0,174.0,,B02719
B02728,2019-10-01 00:23:52,2019-10-01 00:28:37,264.0,183.0,,B02728
B02735,2019-10-01 00:43:04,2019-10-01 00:50:23,264.0,259.0,,B02875
B02735,2019-10-01 00:52:52,2019-10-01 01:00:10,264.0,254.0,,B02875
B02735,2019-10-01 00:32:04,2019-10-01 00:42:01,264.0,265.0,,B02682
B02735,2019-10-01 00:57:09,2019-10-01 01:06:09,264.0,254.0,,B00882
B02735,2019-10-01 00:04:54,2019-10-01 00:08:34,264.0,254.0,,B02847
B02735,2019-10-01 00:43:02,2019-10-01 00:51:20,264.0,265.0,,B02847
B02735,2019-10-01 00:17:06,2019-10-01 00:28:55,264.0,18.0,,B02875
B02735,2019-10-01 00:36:49,2019-10-01 00:58:34,264.0,119.0,,B02875
B02735,2019-10-01 00:02:56,2019-10-01 00:10:14,264.0,254.0,,B02864
B02735,2019-10-01 00:54:28,2019-10-01 00:57:30,264.0,254.0,,B02864
B02735,2019-10-01 00:04:00,2019-10-01 00:13:44,264.0,32.0,,B02878
B02735,2019-10-01 00:04:46,2019-10-01 00:18:31,264.0,265.0,,B02765
B02762,2019-10-01 00:18:00,2019-10-01 01:00:00,264.0,264.0,,B02762
B02817,2019-10-01 00:04:39,2019-10-01 00:26:19,108.0,144.0,,B02817
B02817,2019-10-01 00:56:58,2019-10-01 01:04:31,232.0,144.0,,B02817
B02825,2019-10-01 00:31:25,2019-10-01 00:36:46,264.0,22.0,,B02825
B02826,2019-10-01 00:15:24,2019-10-01 00:32:36,264.0,216.0,,B02826
B02826,2019-10-01 00:33:42,2019-10-01 00:35:08,264.0,188.0,,B02826
B02849,2019-10-01 00:12:11,2019-10-01 00:16:22,264.0,256.0,,B02849
B02849,2019-10-01 00:14:50,2019-10-01 00:23:14,264.0,39.0,,B02849
B02849,2019-10-01 00:48:04,2019-10-01 01:01:16,264.0,56.0,,B02849
B02905,2019-10-01 00:00:38,2019-10-01 00:03:43,264.0,227.0,,B02905
B02905,2019-10-01 00:46:42,2019-10-01 01:03:43,264.0,22.0,,B02905
B02905,2019-10-01 00:24:18,2019-10-01 00:35:46,264.0,227.0,,B02905
B02905,2019-10-01 00:47:58,2019-10-01 00:56:18,264.0,67.0,,B02905
B02905,2019-10-01 00:12:32,2019-10-01 00:23:27,264.0,89.0,,B02905
B02930,2019-10-01 00:17:42,2019-10-01 00:21:04,264.0,31.0,,B02930
B02942,2019-10-01 00:19:00,2019-10-01 00:29:00,264.0,264.0,,B02942
B02996,2019-10-01 00:30:02,2019-10-01 00:38:04,264.0,192.0,,B02884
B03016,2019-10-01 00:43:04,2019-10-01 00:50:23,264.0,259.0,,B02875
B03016,2019-10-01 00:52:52,2019-10-01 01:00:10,264.0,254.0,,B02875
B03016,2019-10-01 00:32:04,2019-10-01 00:42:01,264.0,265.0,,B02682
B03016,2019-10-01 00:57:09,2019-10-01 01:06:09,264.0,254.0,,B00882
B03016,2019-10-01 00:04:54,2019-10-01 00:08:34,264.0,254.0,,B02847
B03016,2019-10-01 00:43:02,2019-10-01 00:51:20,264.0,265.0,,B02847
B03016,2019-10-01 00:19:40,2019-10-01 00:33:30,264.0,254.0,,B03016
B03016,2019-10-01 00:17:06,2019-10-01 00:28:55,264.0,18.0,,B02875
B03016,2019-10-01 00:36:49,2019-10-01 00:58:34,264.0,119.0,,B02875
B03016,2019-10-01 00:24:14,2019-10-01 00:27:18,264.0,254.0,,B03016
B03016,2019-10-01 00:27:00,2019-10-01 00:45:34,264.0,136.0,,B03016
B03016,2019-10-01 00:02:56,2019-10-01 00:10:14,264.0,254.0,,B02864
B03016,2019-10-01 00:54:28,2019-10-01 00:57:30,264.0,254.0,,B02864
B03016,2019-10-01 00:04:00,2019-10-01 00:13:44,264.0,32.0,,B02878
B03016,2019-10-01 00:04:46,2019-10-01 00:18:31,264.0,265.0,,B02765
B03033,2019-10-01 00:49:50,2019-10-01 00:57:44,264.0,37.0,,B03033
B03040,2019-10-01 00:23:59,2019-10-01 00:59:52,144.0,210.0,,B03040
B03040,2019-10-01 00:31:20,2019-10-01 00:32:05,92.0,67.0,,B03040
B03040,2019-10-01 00:21:57,2019-10-01 00:25:47,232.0,144.0,,B03040
B03040,2019-10-01 00:51:59,2019-10-01 01:27:20,148.0,175.0,,B03040
B03051,2019-10-01 00:03:57,2019-10-01 00:23:37,264.0,173.0,,B03051
B03060,2019-10-01 00:47:05,2019-10-01 00:58:38,264.0,22.0,,B03060
B03060,2019-10-01 00:09:19,2019-10-01 00:15:27,264.0,89.0,,B02875
B03060,2019-10-01 00:18:48,2019-10-01 00:24:15,264.0,210.0,,B02682
B03060,2019-10-01 00:55:42,2019-10-01 01:03:01,264.0,149.0,,B03060
B03060,2019-10-01 00:18:56,2019-10-01 00:29:00,264.0,89.0,,B02888
B03060,2019-10-01 00:48:00,2019-10-01 01:05:49,264.0,149.0,,B02888
B03060,2019-10-01 00:05:10,2019-10-01 00:12:14,264.0,149.0,,B03060
B03060,2019-10-01 00:34:50,2019-10-01 00:43:05,264.0,150.0,,B03060
B03060,2019-10-01 00:09:50,2019-10-01 00:14:13,264.0,155.0,,B02871
B03060,2019-10-01 00:27:55,2019-10-01 00:33:50,264.0,149.0,,B02871
B03060,2019-10-01 00:52:52,2019-10-01 00:57:52,264.0,35.0,,B02871
B03142,2019-10-01 00:35:00,2019-10-01 00:56:23,216.0,180.0,,B02884
B03147,2019-10-01 00:27:29,2019-10-01 00:33:21,92.0,171.0,,B03147
B03147,2019-10-01 00:57:10,2019-10-01 00:57:11,92.0,92.0,,B03147
B03157,2019-10-01 00:00:12,2019-10-02 00:06:06,264.0,129.0,,B03157
B03157,2019-10-01 00:12:35,2019-10-01 00:18:42,264.0,7.0,,B03157
B03160,2019-10-01 00:26:00,2019-10-01 00:59:00,119.0,89.0,,B02872
B03160,2019-10-01 00:14:00,2019-10-01 00:40:00,219.0,32.0,,B02883
B03164,2019-10-01 00:39:29,2019-10-01 00:57:07,264.0,169.0,,B03164
B00009,2019-10-01 01:02:00,2019-10-01 01:11:00,264.0,264.0,,B00009
B00009,2019-10-01 01:24:00,2019-10-01 01:32:00,264.0,264.0,,B00009
B00013,2019-10-01 01:43:42,2019-10-01 01:53:10,264.0,264.0,,B00013
B00013,2019-10-01 01:54:41,2019-10-01 01:56:18,264.0,264.0,,B00013
B00013,2019-10-01 01:20:18,2019-10-01 01:57:41,264.0,264.0,,B00013
B00014,2019-10-01 01:02:03,2019-10-01 01:03:04,264.0,264.0,,B00014
B00014,2019-10-01 01:01:52,2019-10-01 01:49:19,264.0,264.0,,B00014
B00021         ,2019-10-01 01:54:02,2019-10-01 02:06:02,129.0,82.0,,B00021         
B00037,2019-10-01 01:24:28,2019-10-01 01:27:31,264.0,72.0,,B00037
B00037,2019-10-01 01:27:36,2019-10-01 01:43:16,264.0,89.0,,B00037
B00037,2019-10-01 01:21:38,2019-10-01 01:25:08,264.0,188.0,,B00037
B00037,2019-10-01 01:21:13,2019-10-01 01:29:55,264.0,61.0,,B00037
B00037,2019-10-01 01:43:58,2019-10-01 01:47:44,264.0,39.0,,B00037
B00095,2019-10-01 01:01:12,2019-10-01 01:04:29,264.0,198.0,,B00095
B00095,2019-10-01 01:10:47,2019-10-01 01:33:53,264.0,173.0,,B00095
B00111,2019-10-01 01:54:57,2019-10-01 03:10:06,264.0,100.0,,B00111
B00111,2019-10-01 01:07:06,2019-10-01 01:29:54,264.0,188.0,,B00111
B00112,2019-10-01 01:05:36,2019-10-01 01:36:28,264.0,228.0,,B00112
B00160,2019-10-01 01:20:00,2019-10-01 01:26:00,264.0,264.0,,B00160
B00225,2019-10-01 01:15:03,2019-10-01 01:22:57,264.0,232.0,,B00225
B00225,2019-10-01 01:29:22,2019-10-01 01:41:44,264.0,48.0,,B00225
